"ecoregion","TAXA","value"
"AA0101","Mammals",20
"AA0102","Mammals",19
"AA0103","Mammals",27
"AA0104","Mammals",24
"AA0105","Mammals",139
"AA0106","Mammals",50
"AA0107","Mammals",77
"AA0108","Mammals",41
"AA0109","Mammals",2
"AA0110","Mammals",26
"AA0111","Mammals",53
"AA0112","Mammals",44
"AA0113","Mammals",9
"AA0114","Mammals",0
"AA0115","Mammals",97
"AA0116","Mammals",68
"AA0117","Mammals",97
"AA0118","Mammals",47
"AA0119","Mammals",45
"AA0120","Mammals",137
"AA0121","Mammals",93
"AA0122","Mammals",119
"AA0123","Mammals",116
"AA0124","Mammals",125
"AA0125","Mammals",39
"AA0126","Mammals",14
"AA0127","Mammals",30
"AA0128","Mammals",48
"AA0201","Mammals",51
"AA0202","Mammals",7
"AA0203","Mammals",17
"AA0204","Mammals",40
"AA0401","Mammals",0
"AA0402","Mammals",87
"AA0403","Mammals",1
"AA0404","Mammals",1
"AA0405","Mammals",2
"AA0406","Mammals",1
"AA0407","Mammals",2
"AA0408","Mammals",1
"AA0409","Mammals",67
"AA0410","Mammals",1
"AA0411","Mammals",34
"AA0412","Mammals",35
"AA0413","Mammals",33
"AA0414","Mammals",1
"AA0701","Mammals",65
"AA0702","Mammals",106
"AA0703","Mammals",78
"AA0704","Mammals",82
"AA0705","Mammals",106
"AA0706","Mammals",79
"AA0707","Mammals",78
"AA0708","Mammals",45
"AA0709","Mammals",64
"AA0801","Mammals",0
"AA0802","Mammals",38
"AA0803","Mammals",59
"AA1001","Mammals",41
"AA1002","Mammals",28
"AA1003","Mammals",1
"AA1101","Mammals",0
"AA1201","Mammals",36
"AA1202","Mammals",39
"AA1203","Mammals",27
"AA1204","Mammals",29
"AA1205","Mammals",33
"AA1206","Mammals",39
"AA1207","Mammals",52
"AA1208","Mammals",43
"AA1209","Mammals",46
"AA1210","Mammals",39
"AA1301","Mammals",45
"AA1302","Mammals",41
"AA1303","Mammals",29
"AA1304","Mammals",58
"AA1305","Mammals",39
"AA1306","Mammals",30
"AA1307","Mammals",47
"AA1308","Mammals",54
"AA1309","Mammals",52
"AA1310","Mammals",50
"AA1401","Mammals",38
"AT0101","Mammals",228
"AT0102","Mammals",161
"AT0103","Mammals",144
"AT0104","Mammals",115
"AT0105","Mammals",5
"AT0106","Mammals",104
"AT0107","Mammals",158
"AT0108","Mammals",192
"AT0109","Mammals",159
"AT0110","Mammals",122
"AT0111","Mammals",181
"AT0112","Mammals",132
"AT0113","Mammals",3
"AT0114","Mammals",128
"AT0115","Mammals",55
"AT0116","Mammals",74
"AT0117","Mammals",87
"AT0118","Mammals",104
"AT0119","Mammals",97
"AT0120","Mammals",6
"AT0121","Mammals",123
"AT0122","Mammals",96
"AT0123","Mammals",125
"AT0124","Mammals",201
"AT0125","Mammals",172
"AT0126","Mammals",192
"AT0127","Mammals",10
"AT0128","Mammals",111
"AT0129","Mammals",130
"AT0130","Mammals",171
"AT0201","Mammals",4
"AT0202","Mammals",70
"AT0203","Mammals",87
"AT0701","Mammals",169
"AT0702","Mammals",118
"AT0703","Mammals",0
"AT0704","Mammals",243
"AT0705","Mammals",185
"AT0706","Mammals",145
"AT0707","Mammals",204
"AT0708","Mammals",108
"AT0709","Mammals",119
"AT0710","Mammals",76
"AT0711","Mammals",212
"AT0712","Mammals",222
"AT0713","Mammals",154
"AT0714","Mammals",133
"AT0715","Mammals",169
"AT0716","Mammals",180
"AT0717","Mammals",142
"AT0718","Mammals",177
"AT0719","Mammals",181
"AT0721","Mammals",227
"AT0722","Mammals",174
"AT0723","Mammals",170
"AT0724","Mammals",128
"AT0725","Mammals",200
"AT0726","Mammals",160
"AT0801","Mammals",25
"AT0802","Mammals",0
"AT0803","Mammals",0
"AT0901","Mammals",78
"AT0902","Mammals",56
"AT0903","Mammals",50
"AT0904","Mammals",67
"AT0905","Mammals",100
"AT0906","Mammals",76
"AT0907","Mammals",143
"AT0908","Mammals",50
"AT1001","Mammals",103
"AT1002","Mammals",103
"AT1003","Mammals",68
"AT1004","Mammals",150
"AT1005","Mammals",71
"AT1006","Mammals",108
"AT1007","Mammals",133
"AT1008","Mammals",88
"AT1009","Mammals",114
"AT1010","Mammals",58
"AT1011","Mammals",19
"AT1012","Mammals",86
"AT1013","Mammals",60
"AT1014","Mammals",128
"AT1015","Mammals",151
"AT1201","Mammals",67
"AT1202","Mammals",78
"AT1203","Mammals",88
"AT1302","Mammals",58
"AT1303","Mammals",47
"AT1304","Mammals",42
"AT1305","Mammals",76
"AT1306","Mammals",35
"AT1307","Mammals",53
"AT1308","Mammals",0
"AT1309","Mammals",98
"AT1310","Mammals",49
"AT1311","Mammals",39
"AT1312","Mammals",41
"AT1313","Mammals",103
"AT1314","Mammals",100
"AT1315","Mammals",38
"AT1316","Mammals",97
"AT1318","Mammals",3
"AT1319","Mammals",60
"AT1320","Mammals",69
"AT1321","Mammals",53
"AT1322","Mammals",75
"AT1401","Mammals",31
"AT1402","Mammals",33
"AT1403","Mammals",32
"AT1404","Mammals",35
"AT1405","Mammals",20
"IM0101","Mammals",8
"IM0102","Mammals",202
"IM0103","Mammals",178
"IM0104","Mammals",166
"IM0105","Mammals",141
"IM0106","Mammals",118
"IM0107","Mammals",159
"IM0108","Mammals",155
"IM0109","Mammals",106
"IM0110","Mammals",3
"IM0111","Mammals",100
"IM0112","Mammals",106
"IM0113","Mammals",116
"IM0114","Mammals",48
"IM0115","Mammals",148
"IM0116","Mammals",57
"IM0117","Mammals",178
"IM0118","Mammals",137
"IM0119","Mammals",198
"IM0120","Mammals",179
"IM0121","Mammals",165
"IM0122","Mammals",32
"IM0123","Mammals",74
"IM0124","Mammals",89
"IM0125","Mammals",2
"IM0126","Mammals",145
"IM0127","Mammals",43
"IM0128","Mammals",50
"IM0129","Mammals",78
"IM0130","Mammals",36
"IM0131","Mammals",181
"IM0132","Mammals",149
"IM0133","Mammals",12
"IM0134","Mammals",99
"IM0135","Mammals",91
"IM0136","Mammals",137
"IM0137","Mammals",274
"IM0138","Mammals",122
"IM0139","Mammals",175
"IM0140","Mammals",177
"IM0141","Mammals",139
"IM0142","Mammals",64
"IM0143","Mammals",54
"IM0144","Mammals",191
"IM0145","Mammals",154
"IM0146","Mammals",203
"IM0147","Mammals",113
"IM0148","Mammals",0
"IM0149","Mammals",151
"IM0150","Mammals",106
"IM0151","Mammals",102
"IM0152","Mammals",146
"IM0153","Mammals",127
"IM0154","Mammals",77
"IM0155","Mammals",82
"IM0156","Mammals",17
"IM0157","Mammals",143
"IM0158","Mammals",172
"IM0159","Mammals",166
"IM0160","Mammals",137
"IM0161","Mammals",151
"IM0162","Mammals",61
"IM0163","Mammals",193
"IM0164","Mammals",99
"IM0165","Mammals",100
"IM0166","Mammals",123
"IM0167","Mammals",125
"IM0168","Mammals",121
"IM0169","Mammals",89
"IM0170","Mammals",20
"IM0171","Mammals",60
"IM0172","Mammals",64
"IM0201","Mammals",94
"IM0202","Mammals",216
"IM0203","Mammals",103
"IM0204","Mammals",70
"IM0205","Mammals",153
"IM0206","Mammals",98
"IM0207","Mammals",103
"IM0208","Mammals",79
"IM0209","Mammals",111
"IM0210","Mammals",167
"IM0211","Mammals",121
"IM0212","Mammals",75
"IM0301","Mammals",162
"IM0302","Mammals",38
"IM0303","Mammals",144
"IM0304","Mammals",140
"IM0401","Mammals",183
"IM0402","Mammals",132
"IM0403","Mammals",115
"IM0501","Mammals",130
"IM0502","Mammals",102
"IM0701","Mammals",115
"IM0901","Mammals",60
"IM1001","Mammals",162
"IM1301","Mammals",107
"IM1302","Mammals",51
"IM1303","Mammals",139
"IM1304","Mammals",76
"IM1401","Mammals",72
"IM1402","Mammals",189
"IM1403","Mammals",80
"IM1404","Mammals",151
"IM1405","Mammals",174
"IM1406","Mammals",51
"NA0201","Mammals",95
"NA0302","Mammals",164
"NA0303","Mammals",169
"NA0401","Mammals",58
"NA0402","Mammals",73
"NA0403","Mammals",73
"NA0404","Mammals",69
"NA0405","Mammals",65
"NA0406","Mammals",58
"NA0407","Mammals",56
"NA0408","Mammals",46
"NA0409","Mammals",62
"NA0410","Mammals",58
"NA0411","Mammals",63
"NA0412","Mammals",61
"NA0413","Mammals",66
"NA0414","Mammals",60
"NA0415","Mammals",62
"NA0416","Mammals",64
"NA0417","Mammals",77
"NA0501","Mammals",57
"NA0502","Mammals",61
"NA0503","Mammals",123
"NA0504","Mammals",45
"NA0505","Mammals",77
"NA0506","Mammals",78
"NA0507","Mammals",81
"NA0508","Mammals",97
"NA0509","Mammals",59
"NA0510","Mammals",74
"NA0511","Mammals",103
"NA0512","Mammals",101
"NA0513","Mammals",43
"NA0514","Mammals",61
"NA0515","Mammals",91
"NA0516","Mammals",87
"NA0517","Mammals",58
"NA0518","Mammals",79
"NA0519","Mammals",77
"NA0520","Mammals",45
"NA0521","Mammals",51
"NA0522","Mammals",79
"NA0523","Mammals",60
"NA0524","Mammals",68
"NA0525","Mammals",3
"NA0526","Mammals",66
"NA0527","Mammals",103
"NA0528","Mammals",99
"NA0529","Mammals",54
"NA0530","Mammals",91
"NA0601","Mammals",33
"NA0602","Mammals",49
"NA0603","Mammals",39
"NA0604","Mammals",37
"NA0605","Mammals",47
"NA0606","Mammals",34
"NA0607","Mammals",43
"NA0608","Mammals",55
"NA0609","Mammals",46
"NA0610","Mammals",50
"NA0611","Mammals",10
"NA0612","Mammals",46
"NA0613","Mammals",55
"NA0614","Mammals",48
"NA0615","Mammals",7
"NA0616","Mammals",45
"NA0617","Mammals",48
"NA0701","Mammals",75
"NA0801","Mammals",79
"NA0802","Mammals",72
"NA0803","Mammals",88
"NA0804","Mammals",81
"NA0805","Mammals",67
"NA0806","Mammals",64
"NA0807","Mammals",59
"NA0808","Mammals",88
"NA0809","Mammals",59
"NA0810","Mammals",77
"NA0811","Mammals",78
"NA0812","Mammals",63
"NA0813","Mammals",87
"NA0814","Mammals",61
"NA0815","Mammals",107
"NA1101","Mammals",44
"NA1102","Mammals",3
"NA1103","Mammals",31
"NA1104","Mammals",31
"NA1105","Mammals",9
"NA1106","Mammals",40
"NA1107","Mammals",38
"NA1108","Mammals",38
"NA1109","Mammals",9
"NA1110","Mammals",10
"NA1111","Mammals",48
"NA1112","Mammals",8
"NA1113","Mammals",4
"NA1114","Mammals",31
"NA1115","Mammals",16
"NA1116","Mammals",45
"NA1117","Mammals",50
"NA1118","Mammals",20
"NA1201","Mammals",74
"NA1202","Mammals",89
"NA1203","Mammals",78
"NA1301","Mammals",60
"NA1302","Mammals",130
"NA1303","Mammals",134
"NA1304","Mammals",122
"NA1305","Mammals",105
"NA1306","Mammals",58
"NA1307","Mammals",127
"NA1308","Mammals",98
"NA1309","Mammals",104
"NA1310","Mammals",120
"NA1311","Mammals",102
"NA1312","Mammals",90
"NA1313","Mammals",83
"NT0101","Mammals",141
"NT0102","Mammals",196
"NT0103","Mammals",166
"NT0104","Mammals",182
"NT0105","Mammals",245
"NT0106","Mammals",124
"NT0107","Mammals",193
"NT0108","Mammals",205
"NT0109","Mammals",201
"NT0111","Mammals",172
"NT0112","Mammals",191
"NT0113","Mammals",163
"NT0114","Mammals",145
"NT0115","Mammals",215
"NT0116","Mammals",0
"NT0117","Mammals",194
"NT0118","Mammals",254
"NT0119","Mammals",186
"NT0120","Mammals",33
"NT0121","Mammals",238
"NT0122","Mammals",198
"NT0124","Mammals",237
"NT0125","Mammals",215
"NT0126","Mammals",174
"NT0127","Mammals",20
"NT0128","Mammals",255
"NT0129","Mammals",217
"NT0130","Mammals",190
"NT0131","Mammals",21
"NT0132","Mammals",189
"NT0133","Mammals",189
"NT0134","Mammals",12
"NT0135","Mammals",251
"NT0136","Mammals",230
"NT0137","Mammals",197
"NT0138","Mammals",184
"NT0139","Mammals",133
"NT0140","Mammals",174
"NT0141","Mammals",221
"NT0142","Mammals",243
"NT0143","Mammals",213
"NT0144","Mammals",119
"NT0145","Mammals",248
"NT0146","Mammals",185
"NT0147","Mammals",192
"NT0148","Mammals",130
"NT0149","Mammals",177
"NT0150","Mammals",213
"NT0151","Mammals",122
"NT0152","Mammals",132
"NT0153","Mammals",255
"NT0154","Mammals",191
"NT0155","Mammals",15
"NT0156","Mammals",219
"NT0157","Mammals",183
"NT0158","Mammals",216
"NT0159","Mammals",170
"NT0160","Mammals",175
"NT0161","Mammals",117
"NT0162","Mammals",148
"NT0163","Mammals",191
"NT0164","Mammals",36
"NT0165","Mammals",161
"NT0166","Mammals",303
"NT0167","Mammals",204
"NT0168","Mammals",179
"NT0169","Mammals",215
"NT0170","Mammals",164
"NT0171","Mammals",36
"NT0173","Mammals",207
"NT0174","Mammals",237
"NT0175","Mammals",225
"NT0176","Mammals",149
"NT0177","Mammals",128
"NT0178","Mammals",151
"NT0179","Mammals",19
"NT0180","Mammals",176
"NT0181","Mammals",111
"NT0182","Mammals",254
"NT0201","Mammals",238
"NT0202","Mammals",147
"NT0204","Mammals",139
"NT0205","Mammals",162
"NT0206","Mammals",175
"NT0207","Mammals",176
"NT0209","Mammals",195
"NT0210","Mammals",193
"NT0211","Mammals",160
"NT0212","Mammals",209
"NT0213","Mammals",34
"NT0214","Mammals",129
"NT0215","Mammals",20
"NT0216","Mammals",0
"NT0217","Mammals",137
"NT0218","Mammals",21
"NT0219","Mammals",174
"NT0220","Mammals",43
"NT0221","Mammals",171
"NT0222","Mammals",191
"NT0223","Mammals",138
"NT0224","Mammals",165
"NT0225","Mammals",155
"NT0226","Mammals",15
"NT0227","Mammals",46
"NT0228","Mammals",149
"NT0229","Mammals",179
"NT0230","Mammals",159
"NT0232","Mammals",100
"NT0233","Mammals",124
"NT0235","Mammals",87
"NT0301","Mammals",8
"NT0302","Mammals",122
"NT0303","Mammals",203
"NT0304","Mammals",34
"NT0305","Mammals",20
"NT0306","Mammals",128
"NT0307","Mammals",45
"NT0308","Mammals",176
"NT0309","Mammals",151
"NT0310","Mammals",197
"NT0401","Mammals",0
"NT0402","Mammals",30
"NT0404","Mammals",56
"NT0702","Mammals",212
"NT0703","Mammals",180
"NT0704","Mammals",254
"NT0705","Mammals",0
"NT0707","Mammals",225
"NT0708","Mammals",143
"NT0709","Mammals",223
"NT0710","Mammals",101
"NT0801","Mammals",81
"NT0802","Mammals",52
"NT0803","Mammals",73
"NT0805","Mammals",60
"NT0902","Mammals",33
"NT0903","Mammals",20
"NT0904","Mammals",38
"NT0905","Mammals",112
"NT0906","Mammals",176
"NT0907","Mammals",172
"NT0908","Mammals",97
"NT0909","Mammals",95
"NT1001","Mammals",49
"NT1002","Mammals",94
"NT1003","Mammals",94
"NT1004","Mammals",40
"NT1005","Mammals",51
"NT1006","Mammals",77
"NT1007","Mammals",26
"NT1008","Mammals",56
"NT1010","Mammals",86
"NT1201","Mammals",42
"NT1301","Mammals",163
"NT1303","Mammals",22
"NT1304","Mammals",158
"NT1305","Mammals",18
"NT1306","Mammals",32
"NT1307","Mammals",5
"NT1308","Mammals",194
"NT1309","Mammals",191
"NT1312","Mammals",138
"NT1313","Mammals",178
"NT1314","Mammals",50
"NT1315","Mammals",85
"NT1316","Mammals",140
"NT1318","Mammals",0
"NT1401","Mammals",271
"NT1402","Mammals",45
"NT1403","Mammals",185
"NT1404","Mammals",147
"NT1405","Mammals",211
"NT1406","Mammals",187
"NT1407","Mammals",202
"OC0103","Mammals",1
"OC0105","Mammals",7
"OC0106","Mammals",1
"OC0108","Mammals",0
"OC0109","Mammals",1
"OC0110","Mammals",1
"OC0112","Mammals",4
"OC0114","Mammals",2
"OC0115","Mammals",0
"OC0117","Mammals",0
"OC0201","Mammals",4
"OC0202","Mammals",1
"OC0203","Mammals",2
"OC0701","Mammals",1
"OC0702","Mammals",1
"PA0101","Mammals",113
"PA0102","Mammals",201
"PA0401","Mammals",68
"PA0402","Mammals",77
"PA0403","Mammals",1
"PA0404","Mammals",90
"PA0405","Mammals",55
"PA0406","Mammals",70
"PA0407","Mammals",98
"PA0408","Mammals",116
"PA0409","Mammals",37
"PA0410","Mammals",58
"PA0411","Mammals",106
"PA0412","Mammals",98
"PA0413","Mammals",56
"PA0414","Mammals",69
"PA0415","Mammals",95
"PA0416","Mammals",78
"PA0417","Mammals",113
"PA0418","Mammals",82
"PA0419","Mammals",112
"PA0420","Mammals",62
"PA0421","Mammals",36
"PA0422","Mammals",93
"PA0423","Mammals",39
"PA0424","Mammals",100
"PA0425","Mammals",3
"PA0426","Mammals",101
"PA0427","Mammals",50
"PA0428","Mammals",70
"PA0429","Mammals",31
"PA0430","Mammals",78
"PA0431","Mammals",94
"PA0432","Mammals",77
"PA0433","Mammals",70
"PA0434","Mammals",106
"PA0435","Mammals",78
"PA0436","Mammals",85
"PA0437","Mammals",109
"PA0438","Mammals",32
"PA0439","Mammals",37
"PA0440","Mammals",52
"PA0441","Mammals",55
"PA0442","Mammals",32
"PA0443","Mammals",74
"PA0444","Mammals",79
"PA0445","Mammals",88
"PA0446","Mammals",108
"PA0501","Mammals",90
"PA0502","Mammals",121
"PA0503","Mammals",25
"PA0504","Mammals",85
"PA0505","Mammals",66
"PA0506","Mammals",89
"PA0507","Mammals",99
"PA0508","Mammals",43
"PA0509","Mammals",147
"PA0510","Mammals",39
"PA0511","Mammals",68
"PA0512","Mammals",50
"PA0513","Mammals",44
"PA0514","Mammals",88
"PA0515","Mammals",69
"PA0516","Mammals",199
"PA0517","Mammals",90
"PA0518","Mammals",142
"PA0519","Mammals",107
"PA0520","Mammals",34
"PA0521","Mammals",89
"PA0601","Mammals",87
"PA0602","Mammals",1
"PA0603","Mammals",26
"PA0604","Mammals",24
"PA0605","Mammals",43
"PA0606","Mammals",71
"PA0607","Mammals",36
"PA0608","Mammals",82
"PA0609","Mammals",76
"PA0610","Mammals",69
"PA0611","Mammals",73
"PA0801","Mammals",79
"PA0802","Mammals",100
"PA0803","Mammals",48
"PA0804","Mammals",83
"PA0805","Mammals",98
"PA0806","Mammals",78
"PA0807","Mammals",0
"PA0808","Mammals",92
"PA0809","Mammals",102
"PA0810","Mammals",103
"PA0811","Mammals",67
"PA0812","Mammals",96
"PA0813","Mammals",118
"PA0814","Mammals",142
"PA0815","Mammals",82
"PA0816","Mammals",103
"PA0817","Mammals",79
"PA0818","Mammals",97
"PA0901","Mammals",71
"PA0902","Mammals",36
"PA0903","Mammals",46
"PA0904","Mammals",42
"PA0905","Mammals",47
"PA0906","Mammals",48
"PA0907","Mammals",71
"PA0908","Mammals",26
"PA1001","Mammals",117
"PA1002","Mammals",96
"PA1003","Mammals",117
"PA1004","Mammals",79
"PA1005","Mammals",79
"PA1006","Mammals",45
"PA1007","Mammals",62
"PA1008","Mammals",80
"PA1009","Mammals",79
"PA1010","Mammals",22
"PA1011","Mammals",69
"PA1012","Mammals",80
"PA1013","Mammals",81
"PA1014","Mammals",85
"PA1015","Mammals",50
"PA1016","Mammals",93
"PA1017","Mammals",178
"PA1018","Mammals",85
"PA1019","Mammals",105
"PA1020","Mammals",75
"PA1021","Mammals",61
"PA1022","Mammals",39
"PA1101","Mammals",4
"PA1102","Mammals",34
"PA1103","Mammals",42
"PA1104","Mammals",30
"PA1105","Mammals",26
"PA1106","Mammals",24
"PA1107","Mammals",26
"PA1108","Mammals",36
"PA1109","Mammals",0
"PA1110","Mammals",46
"PA1111","Mammals",38
"PA1112","Mammals",66
"PA1113","Mammals",3
"PA1114","Mammals",36
"PA1201","Mammals",88
"PA1202","Mammals",57
"PA1203","Mammals",6
"PA1204","Mammals",22
"PA1205","Mammals",18
"PA1206","Mammals",3
"PA1207","Mammals",95
"PA1208","Mammals",62
"PA1209","Mammals",75
"PA1210","Mammals",75
"PA1211","Mammals",74
"PA1212","Mammals",61
"PA1213","Mammals",70
"PA1214","Mammals",74
"PA1215","Mammals",75
"PA1216","Mammals",66
"PA1217","Mammals",68
"PA1218","Mammals",56
"PA1219","Mammals",43
"PA1220","Mammals",79
"PA1221","Mammals",55
"PA1222","Mammals",58
"PA1301","Mammals",66
"PA1302","Mammals",100
"PA1303","Mammals",102
"PA1304","Mammals",24
"PA1305","Mammals",89
"PA1306","Mammals",88
"PA1307","Mammals",135
"PA1308","Mammals",98
"PA1309","Mammals",93
"PA1310","Mammals",112
"PA1311","Mammals",96
"PA1312","Mammals",96
"PA1313","Mammals",111
"PA1314","Mammals",62
"PA1315","Mammals",72
"PA1316","Mammals",102
"PA1317","Mammals",110
"PA1318","Mammals",96
"PA1319","Mammals",75
"PA1320","Mammals",93
"PA1321","Mammals",76
"PA1322","Mammals",86
"PA1323","Mammals",34
"PA1324","Mammals",52
"PA1325","Mammals",77
"PA1326","Mammals",68
"PA1327","Mammals",54
"PA1328","Mammals",88
"PA1329","Mammals",68
"PA1330","Mammals",93
"PA1331","Mammals",33
"PA1332","Mammals",41
"PA1333","Mammals",31
"AA0101","Birds",64
"AA0102","Birds",225
"AA0103","Birds",107
"AA0104","Birds",178
"AA0105","Birds",348
"AA0106","Birds",223
"AA0107","Birds",370
"AA0108","Birds",147
"AA0109","Birds",29
"AA0110","Birds",100
"AA0111","Birds",185
"AA0112","Birds",103
"AA0113","Birds",90
"AA0114","Birds",42
"AA0115","Birds",359
"AA0116","Birds",264
"AA0117","Birds",375
"AA0118","Birds",213
"AA0119","Birds",198
"AA0120","Birds",509
"AA0121","Birds",339
"AA0122","Birds",344
"AA0123","Birds",337
"AA0124","Birds",168
"AA0125","Birds",136
"AA0126","Birds",79
"AA0127","Birds",354
"AA0128","Birds",366
"AA0201","Birds",273
"AA0202","Birds",79
"AA0203","Birds",180
"AA0204","Birds",229
"AA0401","Birds",72
"AA0402","Birds",380
"AA0403","Birds",45
"AA0404","Birds",52
"AA0405","Birds",59
"AA0406","Birds",62
"AA0407","Birds",46
"AA0408","Birds",58
"AA0409","Birds",345
"AA0410","Birds",48
"AA0411","Birds",150
"AA0412","Birds",163
"AA0413","Birds",153
"AA0414","Birds",50
"AA0701","Birds",283
"AA0702","Birds",387
"AA0703","Birds",328
"AA0704","Birds",307
"AA0705","Birds",268
"AA0706","Birds",310
"AA0707","Birds",231
"AA0708","Birds",306
"AA0709","Birds",214
"AA0801","Birds",48
"AA0802","Birds",215
"AA0803","Birds",296
"AA1001","Birds",227
"AA1002","Birds",84
"AA1003","Birds",42
"AA1101","Birds",77
"AA1201","Birds",190
"AA1202","Birds",223
"AA1203","Birds",265
"AA1204","Birds",195
"AA1205","Birds",227
"AA1206","Birds",268
"AA1207","Birds",294
"AA1208","Birds",274
"AA1209","Birds",252
"AA1210","Birds",208
"AA1301","Birds",217
"AA1302","Birds",186
"AA1303","Birds",120
"AA1304","Birds",185
"AA1305","Birds",160
"AA1306","Birds",167
"AA1307","Birds",208
"AA1308","Birds",209
"AA1309","Birds",250
"AA1310","Birds",170
"AA1401","Birds",306
"AT0101","Birds",732
"AT0102","Birds",484
"AT0103","Birds",573
"AT0104","Birds",342
"AT0105","Birds",79
"AT0106","Birds",373
"AT0107","Birds",485
"AT0108","Birds",621
"AT0109","Birds",547
"AT0110","Birds",352
"AT0111","Birds",517
"AT0112","Birds",482
"AT0113","Birds",54
"AT0114","Birds",405
"AT0115","Birds",272
"AT0116","Birds",373
"AT0117","Birds",172
"AT0118","Birds",151
"AT0119","Birds",389
"AT0120","Birds",54
"AT0121","Birds",403
"AT0122","Birds",333
"AT0123","Birds",407
"AT0124","Birds",554
"AT0125","Birds",552
"AT0126","Birds",525
"AT0127","Birds",106
"AT0128","Birds",445
"AT0129","Birds",321
"AT0130","Birds",453
"AT0201","Birds",67
"AT0202","Birds",162
"AT0203","Birds",380
"AT0701","Birds",531
"AT0702","Birds",383
"AT0703","Birds",17
"AT0704","Birds",698
"AT0705","Birds",606
"AT0706","Birds",456
"AT0707","Birds",550
"AT0708","Birds",359
"AT0709","Birds",470
"AT0710","Birds",318
"AT0711","Birds",688
"AT0712","Birds",610
"AT0713","Birds",539
"AT0714","Birds",426
"AT0715","Birds",538
"AT0716","Birds",596
"AT0717","Birds",471
"AT0718","Birds",553
"AT0719","Birds",508
"AT0721","Birds",623
"AT0722","Birds",551
"AT0723","Birds",552
"AT0724","Birds",366
"AT0725","Birds",552
"AT0726","Birds",507
"AT0801","Birds",70
"AT0802","Birds",14
"AT0803","Birds",67
"AT0901","Birds",223
"AT0902","Birds",217
"AT0903","Birds",287
"AT0904","Birds",293
"AT0905","Birds",394
"AT0906","Birds",309
"AT0907","Birds",498
"AT0908","Birds",256
"AT1001","Birds",355
"AT1002","Birds",387
"AT1003","Birds",288
"AT1004","Birds",450
"AT1005","Birds",116
"AT1006","Birds",400
"AT1007","Birds",516
"AT1008","Birds",347
"AT1009","Birds",396
"AT1010","Birds",59
"AT1011","Birds",44
"AT1012","Birds",351
"AT1013","Birds",181
"AT1014","Birds",412
"AT1015","Birds",485
"AT1201","Birds",280
"AT1202","Birds",296
"AT1203","Birds",311
"AT1302","Birds",244
"AT1303","Birds",232
"AT1304","Birds",209
"AT1305","Birds",358
"AT1306","Birds",256
"AT1307","Birds",147
"AT1308","Birds",0
"AT1309","Birds",333
"AT1310","Birds",233
"AT1311","Birds",151
"AT1312","Birds",152
"AT1313","Birds",327
"AT1314","Birds",300
"AT1315","Birds",189
"AT1316","Birds",303
"AT1318","Birds",78
"AT1319","Birds",159
"AT1320","Birds",210
"AT1321","Birds",116
"AT1322","Birds",225
"AT1401","Birds",217
"AT1402","Birds",235
"AT1403","Birds",191
"AT1404","Birds",125
"AT1405","Birds",224
"IM0101","Birds",123
"IM0102","Birds",467
"IM0103","Birds",256
"IM0104","Birds",396
"IM0105","Birds",372
"IM0106","Birds",324
"IM0107","Birds",307
"IM0108","Birds",368
"IM0109","Birds",414
"IM0110","Birds",19
"IM0111","Birds",313
"IM0112","Birds",213
"IM0113","Birds",346
"IM0114","Birds",283
"IM0115","Birds",343
"IM0116","Birds",269
"IM0117","Birds",342
"IM0118","Birds",564
"IM0119","Birds",568
"IM0120","Birds",383
"IM0121","Birds",541
"IM0122","Birds",163
"IM0123","Birds",365
"IM0124","Birds",280
"IM0125","Birds",57
"IM0126","Birds",443
"IM0127","Birds",212
"IM0128","Birds",173
"IM0129","Birds",327
"IM0130","Birds",238
"IM0131","Birds",580
"IM0132","Birds",357
"IM0133","Birds",82
"IM0134","Birds",346
"IM0135","Birds",327
"IM0136","Birds",524
"IM0137","Birds",847
"IM0138","Birds",390
"IM0139","Birds",379
"IM0140","Birds",372
"IM0141","Birds",306
"IM0142","Birds",215
"IM0143","Birds",246
"IM0144","Birds",258
"IM0145","Birds",381
"IM0146","Birds",452
"IM0147","Birds",276
"IM0148","Birds",0
"IM0149","Birds",694
"IM0150","Birds",323
"IM0151","Birds",309
"IM0152","Birds",414
"IM0153","Birds",361
"IM0154","Birds",229
"IM0155","Birds",179
"IM0156","Birds",184
"IM0157","Birds",391
"IM0158","Birds",308
"IM0159","Birds",391
"IM0160","Birds",463
"IM0161","Birds",353
"IM0162","Birds",189
"IM0163","Birds",560
"IM0164","Birds",299
"IM0165","Birds",301
"IM0166","Birds",293
"IM0167","Birds",235
"IM0168","Birds",355
"IM0169","Birds",315
"IM0170","Birds",138
"IM0171","Birds",322
"IM0172","Birds",333
"IM0201","Birds",298
"IM0202","Birds",491
"IM0203","Birds",268
"IM0204","Birds",230
"IM0205","Birds",338
"IM0206","Birds",299
"IM0207","Birds",276
"IM0208","Birds",261
"IM0209","Birds",261
"IM0210","Birds",454
"IM0211","Birds",320
"IM0212","Birds",270
"IM0301","Birds",469
"IM0302","Birds",149
"IM0303","Birds",286
"IM0304","Birds",166
"IM0401","Birds",490
"IM0402","Birds",365
"IM0403","Birds",126
"IM0501","Birds",202
"IM0502","Birds",315
"IM0701","Birds",366
"IM0901","Birds",205
"IM1001","Birds",184
"IM1301","Birds",345
"IM1302","Birds",189
"IM1303","Birds",405
"IM1304","Birds",141
"IM1401","Birds",142
"IM1402","Birds",299
"IM1403","Birds",123
"IM1404","Birds",185
"IM1405","Birds",267
"IM1406","Birds",174
"NA0201","Birds",215
"NA0302","Birds",319
"NA0303","Birds",336
"NA0401","Birds",198
"NA0402","Birds",200
"NA0403","Birds",194
"NA0404","Birds",203
"NA0405","Birds",210
"NA0406","Birds",204
"NA0407","Birds",220
"NA0408","Birds",191
"NA0409","Birds",222
"NA0410","Birds",219
"NA0411","Birds",251
"NA0412","Birds",191
"NA0413","Birds",212
"NA0414","Birds",223
"NA0415","Birds",215
"NA0416","Birds",216
"NA0417","Birds",177
"NA0501","Birds",179
"NA0502","Birds",182
"NA0503","Birds",208
"NA0504","Birds",212
"NA0505","Birds",196
"NA0506","Birds",221
"NA0507","Birds",187
"NA0508","Birds",202
"NA0509","Birds",174
"NA0510","Birds",218
"NA0511","Birds",210
"NA0512","Birds",204
"NA0513","Birds",173
"NA0514","Birds",172
"NA0515","Birds",160
"NA0516","Birds",220
"NA0517","Birds",237
"NA0518","Birds",219
"NA0519","Birds",232
"NA0520","Birds",151
"NA0521","Birds",144
"NA0522","Birds",199
"NA0523","Birds",205
"NA0524","Birds",195
"NA0525","Birds",143
"NA0526","Birds",193
"NA0527","Birds",197
"NA0528","Birds",201
"NA0529","Birds",236
"NA0530","Birds",190
"NA0601","Birds",102
"NA0602","Birds",160
"NA0603","Birds",116
"NA0604","Birds",116
"NA0605","Birds",159
"NA0606","Birds",99
"NA0607","Birds",130
"NA0608","Birds",183
"NA0609","Birds",177
"NA0610","Birds",158
"NA0611","Birds",116
"NA0612","Birds",131
"NA0613","Birds",165
"NA0614","Birds",131
"NA0615","Birds",111
"NA0616","Birds",160
"NA0617","Birds",123
"NA0701","Birds",335
"NA0801","Birds",184
"NA0802","Birds",206
"NA0803","Birds",228
"NA0804","Birds",234
"NA0805","Birds",228
"NA0806","Birds",191
"NA0807","Birds",199
"NA0808","Birds",214
"NA0809","Birds",160
"NA0810","Birds",222
"NA0811","Birds",231
"NA0812","Birds",212
"NA0813","Birds",199
"NA0814","Birds",216
"NA0815","Birds",245
"NA1101","Birds",153
"NA1102","Birds",86
"NA1103","Birds",74
"NA1104","Birds",64
"NA1105","Birds",28
"NA1106","Birds",111
"NA1107","Birds",107
"NA1108","Birds",52
"NA1109","Birds",35
"NA1110","Birds",44
"NA1111","Birds",121
"NA1112","Birds",2
"NA1113","Birds",0
"NA1114","Birds",71
"NA1115","Birds",55
"NA1116","Birds",112
"NA1117","Birds",162
"NA1118","Birds",41
"NA1201","Birds",291
"NA1202","Birds",231
"NA1203","Birds",222
"NA1301","Birds",233
"NA1302","Birds",232
"NA1303","Birds",325
"NA1304","Birds",222
"NA1305","Birds",204
"NA1306","Birds",199
"NA1307","Birds",216
"NA1308","Birds",230
"NA1309","Birds",207
"NA1310","Birds",246
"NA1311","Birds",254
"NA1312","Birds",340
"NA1313","Birds",189
"NT0101","Birds",440
"NT0102","Birds",257
"NT0103","Birds",466
"NT0104","Birds",540
"NT0105","Birds",539
"NT0106","Birds",0
"NT0107","Birds",469
"NT0108","Birds",403
"NT0109","Birds",493
"NT0111","Birds",429
"NT0112","Birds",303
"NT0113","Birds",325
"NT0114","Birds",294
"NT0115","Birds",600
"NT0116","Birds",8
"NT0117","Birds",584
"NT0118","Birds",658
"NT0119","Birds",373
"NT0120","Birds",251
"NT0121","Birds",568
"NT0122","Birds",327
"NT0124","Birds",613
"NT0125","Birds",685
"NT0126","Birds",558
"NT0127","Birds",217
"NT0128","Birds",624
"NT0129","Birds",518
"NT0130","Birds",407
"NT0131","Birds",207
"NT0132","Birds",506
"NT0133","Birds",554
"NT0134","Birds",134
"NT0135","Birds",621
"NT0136","Birds",500
"NT0137","Birds",517
"NT0138","Birds",540
"NT0139","Birds",268
"NT0140","Birds",476
"NT0141","Birds",681
"NT0142","Birds",649
"NT0143","Birds",486
"NT0144","Birds",276
"NT0145","Birds",567
"NT0146","Birds",323
"NT0147","Birds",405
"NT0148","Birds",360
"NT0149","Birds",565
"NT0150","Birds",586
"NT0151","Birds",407
"NT0152","Birds",343
"NT0153","Birds",645
"NT0154","Birds",468
"NT0155","Birds",181
"NT0156","Birds",623
"NT0157","Birds",572
"NT0158","Birds",358
"NT0159","Birds",459
"NT0160","Birds",628
"NT0161","Birds",436
"NT0162","Birds",315
"NT0163","Birds",542
"NT0164","Birds",176
"NT0165","Birds",463
"NT0166","Birds",782
"NT0167","Birds",450
"NT0168","Birds",556
"NT0169","Birds",628
"NT0170","Birds",517
"NT0171","Birds",308
"NT0173","Birds",482
"NT0174","Birds",603
"NT0175","Birds",473
"NT0176","Birds",341
"NT0177","Birds",328
"NT0178","Birds",490
"NT0179","Birds",158
"NT0180","Birds",527
"NT0181","Birds",359
"NT0182","Birds",40
"NT0201","Birds",474
"NT0202","Birds",311
"NT0204","Birds",278
"NT0205","Birds",264
"NT0206","Birds",222
"NT0207","Birds",311
"NT0209","Birds",330
"NT0210","Birds",572
"NT0211","Birds",188
"NT0212","Birds",457
"NT0213","Birds",246
"NT0214","Birds",338
"NT0215","Birds",214
"NT0216","Birds",34
"NT0217","Birds",326
"NT0218","Birds",200
"NT0219","Birds",334
"NT0220","Birds",344
"NT0221","Birds",348
"NT0222","Birds",397
"NT0223","Birds",156
"NT0224","Birds",273
"NT0225","Birds",124
"NT0226","Birds",181
"NT0227","Birds",194
"NT0228","Birds",325
"NT0229","Birds",396
"NT0230","Birds",299
"NT0232","Birds",295
"NT0233","Birds",295
"NT0235","Birds",295
"NT0301","Birds",218
"NT0302","Birds",272
"NT0303","Birds",349
"NT0304","Birds",249
"NT0305","Birds",214
"NT0306","Birds",240
"NT0307","Birds",171
"NT0308","Birds",447
"NT0309","Birds",330
"NT0310","Birds",335
"NT0401","Birds",12
"NT0402","Birds",122
"NT0404","Birds",177
"NT0702","Birds",509
"NT0703","Birds",334
"NT0704","Birds",571
"NT0705","Birds",52
"NT0707","Birds",444
"NT0708","Birds",431
"NT0709","Birds",414
"NT0710","Birds",350
"NT0801","Birds",311
"NT0802","Birds",200
"NT0803","Birds",266
"NT0805","Birds",222
"NT0902","Birds",250
"NT0903","Birds",206
"NT0904","Birds",210
"NT0905","Birds",165
"NT0906","Birds",303
"NT0907","Birds",423
"NT0908","Birds",293
"NT0909","Birds",282
"NT1001","Birds",231
"NT1002","Birds",526
"NT1003","Birds",242
"NT1004","Birds",152
"NT1005","Birds",77
"NT1006","Birds",157
"NT1007","Birds",56
"NT1008","Birds",157
"NT1010","Birds",203
"NT1201","Birds",131
"NT1301","Birds",339
"NT1303","Birds",97
"NT1304","Birds",320
"NT1305","Birds",203
"NT1306","Birds",244
"NT1307","Birds",92
"NT1308","Birds",387
"NT1309","Birds",395
"NT1312","Birds",115
"NT1313","Birds",316
"NT1314","Birds",190
"NT1315","Birds",168
"NT1316","Birds",169
"NT1318","Birds",0
"NT1401","Birds",113
"NT1402","Birds",164
"NT1403","Birds",106
"NT1404","Birds",85
"NT1405","Birds",87
"NT1406","Birds",75
"NT1407","Birds",92
"OC0103","Birds",22
"OC0105","Birds",71
"OC0106","Birds",75
"OC0108","Birds",23
"OC0109","Birds",1
"OC0110","Birds",75
"OC0112","Birds",48
"OC0114","Birds",33
"OC0115","Birds",25
"OC0117","Birds",23
"OC0201","Birds",60
"OC0202","Birds",68
"OC0203","Birds",59
"OC0701","Birds",20
"OC0702","Birds",58
"PA0101","Birds",459
"PA0102","Birds",649
"PA0401","Birds",156
"PA0402","Birds",273
"PA0403","Birds",29
"PA0404","Birds",285
"PA0405","Birds",225
"PA0406","Birds",220
"PA0407","Birds",296
"PA0408","Birds",258
"PA0409","Birds",210
"PA0410","Birds",244
"PA0411","Birds",464
"PA0412","Birds",259
"PA0413","Birds",99
"PA0414","Birds",445
"PA0415","Birds",442
"PA0416","Birds",202
"PA0417","Birds",456
"PA0418","Birds",233
"PA0419","Birds",249
"PA0420","Birds",185
"PA0421","Birds",199
"PA0422","Birds",231
"PA0423","Birds",216
"PA0424","Birds",447
"PA0425","Birds",28
"PA0426","Birds",398
"PA0427","Birds",241
"PA0428","Birds",251
"PA0429","Birds",174
"PA0430","Birds",513
"PA0431","Birds",248
"PA0432","Birds",231
"PA0433","Birds",181
"PA0434","Birds",446
"PA0435","Birds",258
"PA0436","Birds",243
"PA0437","Birds",448
"PA0438","Birds",173
"PA0439","Birds",90
"PA0440","Birds",264
"PA0441","Birds",237
"PA0442","Birds",202
"PA0443","Birds",216
"PA0444","Birds",209
"PA0445","Birds",252
"PA0446","Birds",293
"PA0501","Birds",241
"PA0502","Birds",185
"PA0503","Birds",145
"PA0504","Birds",211
"PA0505","Birds",404
"PA0506","Birds",114
"PA0507","Birds",182
"PA0508","Birds",194
"PA0509","Birds",528
"PA0510","Birds",223
"PA0511","Birds",195
"PA0512","Birds",161
"PA0513","Birds",218
"PA0514","Birds",430
"PA0515","Birds",200
"PA0516","Birds",530
"PA0517","Birds",352
"PA0518","Birds",520
"PA0519","Birds",300
"PA0520","Birds",188
"PA0521","Birds",417
"PA0601","Birds",268
"PA0602","Birds",70
"PA0603","Birds",152
"PA0604","Birds",105
"PA0605","Birds",160
"PA0606","Birds",213
"PA0607","Birds",164
"PA0608","Birds",270
"PA0609","Birds",244
"PA0610","Birds",218
"PA0611","Birds",226
"PA0801","Birds",247
"PA0802","Birds",216
"PA0803","Birds",192
"PA0804","Birds",220
"PA0805","Birds",298
"PA0806","Birds",348
"PA0807","Birds",42
"PA0808","Birds",243
"PA0809","Birds",243
"PA0810","Birds",208
"PA0811","Birds",164
"PA0812","Birds",263
"PA0813","Birds",517
"PA0814","Birds",305
"PA0815","Birds",233
"PA0816","Birds",261
"PA0817","Birds",215
"PA0818","Birds",410
"PA0901","Birds",285
"PA0902","Birds",292
"PA0903","Birds",246
"PA0904","Birds",184
"PA0905","Birds",92
"PA0906","Birds",239
"PA0907","Birds",272
"PA0908","Birds",269
"PA1001","Birds",201
"PA1002","Birds",285
"PA1003","Birds",496
"PA1004","Birds",103
"PA1005","Birds",122
"PA1006","Birds",172
"PA1007","Birds",162
"PA1008","Birds",207
"PA1009","Birds",128
"PA1010","Birds",106
"PA1011","Birds",164
"PA1012","Birds",172
"PA1013","Birds",303
"PA1014","Birds",231
"PA1015","Birds",191
"PA1016","Birds",292
"PA1017","Birds",556
"PA1018","Birds",141
"PA1019","Birds",433
"PA1020","Birds",286
"PA1021","Birds",389
"PA1022","Birds",322
"PA1101","Birds",45
"PA1102","Birds",131
"PA1103","Birds",148
"PA1104","Birds",106
"PA1105","Birds",118
"PA1106","Birds",120
"PA1107","Birds",70
"PA1108","Birds",136
"PA1109","Birds",27
"PA1110","Birds",208
"PA1111","Birds",93
"PA1112","Birds",198
"PA1113","Birds",24
"PA1114","Birds",82
"PA1201","Birds",272
"PA1202","Birds",247
"PA1203","Birds",89
"PA1204","Birds",130
"PA1205","Birds",116
"PA1206","Birds",140
"PA1207","Birds",336
"PA1208","Birds",194
"PA1209","Birds",229
"PA1210","Birds",255
"PA1211","Birds",242
"PA1212","Birds",229
"PA1213","Birds",231
"PA1214","Birds",282
"PA1215","Birds",279
"PA1216","Birds",214
"PA1217","Birds",229
"PA1218","Birds",167
"PA1219","Birds",194
"PA1220","Birds",241
"PA1221","Birds",245
"PA1222","Birds",210
"PA1301","Birds",24
"PA1302","Birds",433
"PA1303","Birds",310
"PA1304","Birds",75
"PA1305","Birds",259
"PA1306","Birds",189
"PA1307","Birds",316
"PA1308","Birds",234
"PA1309","Birds",153
"PA1310","Birds",202
"PA1311","Birds",204
"PA1312","Birds",161
"PA1313","Birds",133
"PA1314","Birds",247
"PA1315","Birds",148
"PA1316","Birds",274
"PA1317","Birds",215
"PA1318","Birds",175
"PA1319","Birds",167
"PA1320","Birds",282
"PA1321","Birds",183
"PA1322","Birds",147
"PA1323","Birds",223
"PA1324","Birds",151
"PA1325","Birds",278
"PA1326","Birds",237
"PA1327","Birds",210
"PA1328","Birds",288
"PA1329","Birds",220
"PA1330","Birds",288
"PA1331","Birds",58
"PA1332","Birds",57
"PA1333","Birds",86
"AA0101","Amphibians",7
"AA0102","Amphibians",2
"AA0103","Amphibians",3
"AA0104","Amphibians",5
"AA0105","Amphibians",127
"AA0106","Amphibians",15
"AA0107","Amphibians",42
"AA0108","Amphibians",16
"AA0109","Amphibians",0
"AA0110","Amphibians",16
"AA0111","Amphibians",20
"AA0112","Amphibians",20
"AA0113","Amphibians",0
"AA0114","Amphibians",0
"AA0115","Amphibians",74
"AA0116","Amphibians",42
"AA0117","Amphibians",63
"AA0118","Amphibians",8
"AA0119","Amphibians",27
"AA0120","Amphibians",91
"AA0121","Amphibians",44
"AA0122","Amphibians",66
"AA0123","Amphibians",26
"AA0124","Amphibians",19
"AA0125","Amphibians",21
"AA0126","Amphibians",0
"AA0127","Amphibians",37
"AA0128","Amphibians",49
"AA0201","Amphibians",12
"AA0202","Amphibians",0
"AA0203","Amphibians",5
"AA0204","Amphibians",6
"AA0401","Amphibians",0
"AA0402","Amphibians",69
"AA0403","Amphibians",0
"AA0404","Amphibians",0
"AA0405","Amphibians",1
"AA0406","Amphibians",2
"AA0407","Amphibians",0
"AA0408","Amphibians",1
"AA0409","Amphibians",44
"AA0410","Amphibians",0
"AA0411","Amphibians",11
"AA0412","Amphibians",12
"AA0413","Amphibians",12
"AA0414","Amphibians",0
"AA0701","Amphibians",27
"AA0702","Amphibians",42
"AA0703","Amphibians",36
"AA0704","Amphibians",32
"AA0705","Amphibians",22
"AA0706","Amphibians",42
"AA0707","Amphibians",24
"AA0708","Amphibians",24
"AA0709","Amphibians",22
"AA0801","Amphibians",0
"AA0802","Amphibians",21
"AA0803","Amphibians",30
"AA1001","Amphibians",19
"AA1002","Amphibians",65
"AA1003","Amphibians",0
"AA1101","Amphibians",0
"AA1201","Amphibians",9
"AA1202","Amphibians",21
"AA1203","Amphibians",7
"AA1204","Amphibians",18
"AA1205","Amphibians",16
"AA1206","Amphibians",11
"AA1207","Amphibians",28
"AA1208","Amphibians",11
"AA1209","Amphibians",21
"AA1210","Amphibians",20
"AA1301","Amphibians",11
"AA1302","Amphibians",14
"AA1303","Amphibians",9
"AA1304","Amphibians",16
"AA1305","Amphibians",9
"AA1306","Amphibians",4
"AA1307","Amphibians",10
"AA1308","Amphibians",17
"AA1309","Amphibians",15
"AA1310","Amphibians",12
"AA1401","Amphibians",16
"AT0101","Amphibians",66
"AT0102","Amphibians",93
"AT0103","Amphibians",89
"AT0104","Amphibians",18
"AT0105","Amphibians",1
"AT0106","Amphibians",29
"AT0107","Amphibians",108
"AT0108","Amphibians",17
"AT0109","Amphibians",78
"AT0110","Amphibians",13
"AT0111","Amphibians",61
"AT0112","Amphibians",28
"AT0113","Amphibians",5
"AT0114","Amphibians",20
"AT0115","Amphibians",24
"AT0116","Amphibians",40
"AT0117","Amphibians",126
"AT0118","Amphibians",86
"AT0119","Amphibians",47
"AT0120","Amphibians",1
"AT0121","Amphibians",81
"AT0122","Amphibians",3
"AT0123","Amphibians",35
"AT0124","Amphibians",62
"AT0125","Amphibians",55
"AT0126","Amphibians",75
"AT0127","Amphibians",11
"AT0128","Amphibians",47
"AT0129","Amphibians",19
"AT0130","Amphibians",57
"AT0201","Amphibians",2
"AT0202","Amphibians",20
"AT0203","Amphibians",14
"AT0701","Amphibians",52
"AT0702","Amphibians",20
"AT0703","Amphibians",0
"AT0704","Amphibians",84
"AT0705","Amphibians",31
"AT0706","Amphibians",41
"AT0707","Amphibians",33
"AT0708","Amphibians",12
"AT0709","Amphibians",30
"AT0710","Amphibians",10
"AT0711","Amphibians",15
"AT0712","Amphibians",63
"AT0713","Amphibians",16
"AT0714","Amphibians",11
"AT0715","Amphibians",19
"AT0716","Amphibians",17
"AT0717","Amphibians",37
"AT0718","Amphibians",42
"AT0719","Amphibians",45
"AT0721","Amphibians",27
"AT0722","Amphibians",25
"AT0723","Amphibians",33
"AT0724","Amphibians",29
"AT0725","Amphibians",50
"AT0726","Amphibians",50
"AT0801","Amphibians",2
"AT0802","Amphibians",0
"AT0803","Amphibians",0
"AT0901","Amphibians",1
"AT0902","Amphibians",1
"AT0903","Amphibians",4
"AT0904","Amphibians",3
"AT0905","Amphibians",7
"AT0906","Amphibians",21
"AT0907","Amphibians",36
"AT0908","Amphibians",1
"AT1001","Amphibians",34
"AT1002","Amphibians",32
"AT1003","Amphibians",18
"AT1004","Amphibians",47
"AT1005","Amphibians",12
"AT1006","Amphibians",22
"AT1007","Amphibians",33
"AT1008","Amphibians",29
"AT1009","Amphibians",29
"AT1010","Amphibians",16
"AT1011","Amphibians",23
"AT1012","Amphibians",38
"AT1013","Amphibians",4
"AT1014","Amphibians",34
"AT1015","Amphibians",48
"AT1201","Amphibians",14
"AT1202","Amphibians",26
"AT1203","Amphibians",32
"AT1302","Amphibians",1
"AT1303","Amphibians",2
"AT1304","Amphibians",5
"AT1305","Amphibians",6
"AT1306","Amphibians",2
"AT1307","Amphibians",15
"AT1308","Amphibians",0
"AT1309","Amphibians",15
"AT1310","Amphibians",16
"AT1311","Amphibians",8
"AT1312","Amphibians",7
"AT1313","Amphibians",9
"AT1314","Amphibians",11
"AT1315","Amphibians",7
"AT1316","Amphibians",13
"AT1318","Amphibians",0
"AT1319","Amphibians",13
"AT1320","Amphibians",4
"AT1321","Amphibians",1
"AT1322","Amphibians",15
"AT1401","Amphibians",3
"AT1402","Amphibians",3
"AT1403","Amphibians",2
"AT1404","Amphibians",2
"AT1405","Amphibians",2
"IM0101","Amphibians",0
"IM0102","Amphibians",150
"IM0103","Amphibians",46
"IM0104","Amphibians",45
"IM0105","Amphibians",15
"IM0106","Amphibians",19
"IM0107","Amphibians",14
"IM0108","Amphibians",24
"IM0109","Amphibians",1
"IM0110","Amphibians",0
"IM0111","Amphibians",11
"IM0112","Amphibians",21
"IM0113","Amphibians",28
"IM0114","Amphibians",27
"IM0115","Amphibians",5
"IM0116","Amphibians",1
"IM0117","Amphibians",16
"IM0118","Amphibians",96
"IM0119","Amphibians",54
"IM0120","Amphibians",15
"IM0121","Amphibians",32
"IM0122","Amphibians",14
"IM0123","Amphibians",36
"IM0124","Amphibians",20
"IM0125","Amphibians",0
"IM0126","Amphibians",35
"IM0127","Amphibians",15
"IM0128","Amphibians",31
"IM0129","Amphibians",46
"IM0130","Amphibians",15
"IM0131","Amphibians",20
"IM0132","Amphibians",4
"IM0133","Amphibians",5
"IM0134","Amphibians",13
"IM0135","Amphibians",50
"IM0136","Amphibians",20
"IM0137","Amphibians",112
"IM0138","Amphibians",21
"IM0139","Amphibians",24
"IM0140","Amphibians",31
"IM0141","Amphibians",11
"IM0142","Amphibians",15
"IM0143","Amphibians",25
"IM0144","Amphibians",40
"IM0145","Amphibians",22
"IM0146","Amphibians",76
"IM0147","Amphibians",13
"IM0148","Amphibians",0
"IM0149","Amphibians",90
"IM0150","Amphibians",20
"IM0151","Amphibians",66
"IM0152","Amphibians",36
"IM0153","Amphibians",49
"IM0154","Amphibians",43
"IM0155","Amphibians",36
"IM0156","Amphibians",14
"IM0157","Amphibians",42
"IM0158","Amphibians",62
"IM0159","Amphibians",34
"IM0160","Amphibians",36
"IM0161","Amphibians",46
"IM0162","Amphibians",2
"IM0163","Amphibians",65
"IM0164","Amphibians",8
"IM0165","Amphibians",10
"IM0166","Amphibians",7
"IM0167","Amphibians",25
"IM0168","Amphibians",33
"IM0169","Amphibians",39
"IM0170","Amphibians",27
"IM0171","Amphibians",26
"IM0172","Amphibians",34
"IM0201","Amphibians",9
"IM0202","Amphibians",26
"IM0203","Amphibians",5
"IM0204","Amphibians",13
"IM0205","Amphibians",1
"IM0206","Amphibians",4
"IM0207","Amphibians",4
"IM0208","Amphibians",2
"IM0209","Amphibians",8
"IM0210","Amphibians",29
"IM0211","Amphibians",10
"IM0212","Amphibians",19
"IM0301","Amphibians",37
"IM0302","Amphibians",10
"IM0303","Amphibians",0
"IM0304","Amphibians",0
"IM0401","Amphibians",18
"IM0402","Amphibians",17
"IM0403","Amphibians",3
"IM0501","Amphibians",15
"IM0502","Amphibians",3
"IM0701","Amphibians",15
"IM0901","Amphibians",2
"IM1001","Amphibians",15
"IM1301","Amphibians",12
"IM1302","Amphibians",0
"IM1303","Amphibians",10
"IM1304","Amphibians",2
"IM1401","Amphibians",3
"IM1402","Amphibians",2
"IM1403","Amphibians",1
"IM1404","Amphibians",2
"IM1405","Amphibians",2
"IM1406","Amphibians",3
"NA0201","Amphibians",0
"NA0302","Amphibians",39
"NA0303","Amphibians",39
"NA0401","Amphibians",27
"NA0402","Amphibians",57
"NA0403","Amphibians",66
"NA0404","Amphibians",55
"NA0405","Amphibians",28
"NA0406","Amphibians",20
"NA0407","Amphibians",22
"NA0408","Amphibians",15
"NA0409","Amphibians",35
"NA0410","Amphibians",20
"NA0411","Amphibians",28
"NA0412","Amphibians",38
"NA0413","Amphibians",63
"NA0414","Amphibians",32
"NA0415","Amphibians",21
"NA0416","Amphibians",21
"NA0417","Amphibians",6
"NA0501","Amphibians",4
"NA0502","Amphibians",5
"NA0503","Amphibians",12
"NA0504","Amphibians",13
"NA0505","Amphibians",7
"NA0506","Amphibians",11
"NA0507","Amphibians",4
"NA0508","Amphibians",20
"NA0509","Amphibians",4
"NA0510","Amphibians",19
"NA0511","Amphibians",7
"NA0512","Amphibians",4
"NA0513","Amphibians",16
"NA0514","Amphibians",5
"NA0515","Amphibians",4
"NA0516","Amphibians",15
"NA0517","Amphibians",49
"NA0518","Amphibians",9
"NA0519","Amphibians",18
"NA0520","Amphibians",4
"NA0521","Amphibians",5
"NA0522","Amphibians",8
"NA0523","Amphibians",34
"NA0524","Amphibians",12
"NA0525","Amphibians",1
"NA0526","Amphibians",2
"NA0527","Amphibians",13
"NA0528","Amphibians",6
"NA0529","Amphibians",53
"NA0530","Amphibians",7
"NA0601","Amphibians",1
"NA0602","Amphibians",12
"NA0603","Amphibians",1
"NA0604","Amphibians",1
"NA0605","Amphibians",12
"NA0606","Amphibians",5
"NA0607","Amphibians",1
"NA0608","Amphibians",6
"NA0609","Amphibians",7
"NA0610","Amphibians",3
"NA0611","Amphibians",0
"NA0612","Amphibians",3
"NA0613","Amphibians",6
"NA0614","Amphibians",2
"NA0615","Amphibians",0
"NA0616","Amphibians",7
"NA0617","Amphibians",4
"NA0701","Amphibians",31
"NA0801","Amphibians",6
"NA0802","Amphibians",9
"NA0803","Amphibians",18
"NA0804","Amphibians",43
"NA0805","Amphibians",20
"NA0806","Amphibians",17
"NA0807","Amphibians",14
"NA0808","Amphibians",8
"NA0809","Amphibians",9
"NA0810","Amphibians",14
"NA0811","Amphibians",9
"NA0812","Amphibians",12
"NA0813","Amphibians",8
"NA0814","Amphibians",32
"NA0815","Amphibians",18
"NA1101","Amphibians",2
"NA1102","Amphibians",0
"NA1103","Amphibians",0
"NA1104","Amphibians",0
"NA1105","Amphibians",0
"NA1106","Amphibians",1
"NA1107","Amphibians",1
"NA1108","Amphibians",0
"NA1109","Amphibians",0
"NA1110","Amphibians",0
"NA1111","Amphibians",1
"NA1112","Amphibians",0
"NA1113","Amphibians",0
"NA1114","Amphibians",0
"NA1115","Amphibians",0
"NA1116","Amphibians",0
"NA1117","Amphibians",5
"NA1118","Amphibians",0
"NA1201","Amphibians",15
"NA1202","Amphibians",16
"NA1203","Amphibians",14
"NA1301","Amphibians",8
"NA1302","Amphibians",41
"NA1303","Amphibians",33
"NA1304","Amphibians",12
"NA1305","Amphibians",9
"NA1306","Amphibians",2
"NA1307","Amphibians",25
"NA1308","Amphibians",8
"NA1309","Amphibians",8
"NA1310","Amphibians",27
"NA1311","Amphibians",17
"NA1312","Amphibians",28
"NA1313","Amphibians",6
"NT0101","Amphibians",177
"NT0102","Amphibians",195
"NT0103","Amphibians",106
"NT0104","Amphibians",160
"NT0105","Amphibians",58
"NT0106","Amphibians",20
"NT0107","Amphibians",75
"NT0108","Amphibians",3
"NT0109","Amphibians",60
"NT0111","Amphibians",51
"NT0112","Amphibians",73
"NT0113","Amphibians",49
"NT0114","Amphibians",19
"NT0115","Amphibians",138
"NT0116","Amphibians",1
"NT0117","Amphibians",40
"NT0118","Amphibians",85
"NT0119","Amphibians",40
"NT0120","Amphibians",37
"NT0121","Amphibians",194
"NT0122","Amphibians",30
"NT0124","Amphibians",102
"NT0125","Amphibians",135
"NT0126","Amphibians",32
"NT0127","Amphibians",47
"NT0128","Amphibians",131
"NT0129","Amphibians",118
"NT0130","Amphibians",99
"NT0131","Amphibians",20
"NT0132","Amphibians",99
"NT0133","Amphibians",68
"NT0134","Amphibians",11
"NT0135","Amphibians",55
"NT0136","Amphibians",112
"NT0137","Amphibians",48
"NT0138","Amphibians",53
"NT0139","Amphibians",26
"NT0140","Amphibians",52
"NT0141","Amphibians",61
"NT0142","Amphibians",168
"NT0143","Amphibians",70
"NT0144","Amphibians",15
"NT0145","Amphibians",219
"NT0146","Amphibians",51
"NT0147","Amphibians",10
"NT0148","Amphibians",18
"NT0149","Amphibians",33
"NT0150","Amphibians",303
"NT0151","Amphibians",36
"NT0152","Amphibians",38
"NT0153","Amphibians",131
"NT0154","Amphibians",103
"NT0155","Amphibians",17
"NT0156","Amphibians",128
"NT0157","Amphibians",72
"NT0158","Amphibians",65
"NT0159","Amphibians",20
"NT0160","Amphibians",247
"NT0161","Amphibians",41
"NT0162","Amphibians",44
"NT0163","Amphibians",136
"NT0164","Amphibians",15
"NT0165","Amphibians",49
"NT0166","Amphibians",173
"NT0167","Amphibians",124
"NT0168","Amphibians",58
"NT0169","Amphibians",62
"NT0170","Amphibians",35
"NT0171","Amphibians",5
"NT0173","Amphibians",96
"NT0174","Amphibians",123
"NT0175","Amphibians",60
"NT0176","Amphibians",60
"NT0177","Amphibians",27
"NT0178","Amphibians",87
"NT0179","Amphibians",6
"NT0180","Amphibians",52
"NT0181","Amphibians",35
"NT0182","Amphibians",15
"NT0201","Amphibians",47
"NT0202","Amphibians",41
"NT0204","Amphibians",33
"NT0205","Amphibians",43
"NT0206","Amphibians",25
"NT0207","Amphibians",7
"NT0209","Amphibians",36
"NT0210","Amphibians",57
"NT0211","Amphibians",33
"NT0212","Amphibians",55
"NT0213","Amphibians",32
"NT0214","Amphibians",13
"NT0215","Amphibians",30
"NT0216","Amphibians",0
"NT0217","Amphibians",26
"NT0218","Amphibians",14
"NT0219","Amphibians",10
"NT0220","Amphibians",6
"NT0221","Amphibians",19
"NT0222","Amphibians",9
"NT0223","Amphibians",7
"NT0224","Amphibians",22
"NT0225","Amphibians",0
"NT0226","Amphibians",6
"NT0227","Amphibians",2
"NT0228","Amphibians",39
"NT0229","Amphibians",43
"NT0230","Amphibians",68
"NT0232","Amphibians",11
"NT0233","Amphibians",26
"NT0235","Amphibians",19
"NT0301","Amphibians",2
"NT0302","Amphibians",14
"NT0303","Amphibians",107
"NT0304","Amphibians",23
"NT0305","Amphibians",29
"NT0306","Amphibians",0
"NT0307","Amphibians",3
"NT0308","Amphibians",48
"NT0309","Amphibians",69
"NT0310","Amphibians",79
"NT0401","Amphibians",0
"NT0402","Amphibians",12
"NT0404","Amphibians",38
"NT0702","Amphibians",29
"NT0703","Amphibians",116
"NT0704","Amphibians",205
"NT0705","Amphibians",0
"NT0707","Amphibians",94
"NT0708","Amphibians",60
"NT0709","Amphibians",40
"NT0710","Amphibians",118
"NT0801","Amphibians",29
"NT0802","Amphibians",10
"NT0803","Amphibians",36
"NT0805","Amphibians",14
"NT0902","Amphibians",16
"NT0903","Amphibians",9
"NT0904","Amphibians",19
"NT0905","Amphibians",8
"NT0906","Amphibians",0
"NT0907","Amphibians",54
"NT0908","Amphibians",44
"NT0909","Amphibians",25
"NT1001","Amphibians",14
"NT1002","Amphibians",26
"NT1003","Amphibians",28
"NT1004","Amphibians",14
"NT1005","Amphibians",11
"NT1006","Amphibians",90
"NT1007","Amphibians",4
"NT1008","Amphibians",13
"NT1010","Amphibians",10
"NT1201","Amphibians",6
"NT1301","Amphibians",3
"NT1303","Amphibians",0
"NT1304","Amphibians",51
"NT1305","Amphibians",14
"NT1306","Amphibians",24
"NT1307","Amphibians",1
"NT1308","Amphibians",8
"NT1309","Amphibians",14
"NT1312","Amphibians",23
"NT1313","Amphibians",2
"NT1314","Amphibians",2
"NT1315","Amphibians",9
"NT1316","Amphibians",28
"NT1318","Amphibians",0
"NT1401","Amphibians",14
"NT1402","Amphibians",59
"NT1403","Amphibians",52
"NT1404","Amphibians",0
"NT1405","Amphibians",35
"NT1406","Amphibians",61
"NT1407","Amphibians",55
"OC0103","Amphibians",0
"OC0105","Amphibians",2
"OC0106","Amphibians",0
"OC0108","Amphibians",0
"OC0109","Amphibians",0
"OC0110","Amphibians",1
"OC0112","Amphibians",0
"OC0114","Amphibians",0
"OC0115","Amphibians",0
"OC0117","Amphibians",0
"OC0201","Amphibians",2
"OC0202","Amphibians",0
"OC0203","Amphibians",0
"OC0701","Amphibians",0
"OC0702","Amphibians",0
"PA0101","Amphibians",67
"PA0102","Amphibians",79
"PA0401","Amphibians",18
"PA0402","Amphibians",23
"PA0403","Amphibians",0
"PA0404","Amphibians",18
"PA0405","Amphibians",15
"PA0406","Amphibians",21
"PA0407","Amphibians",8
"PA0408","Amphibians",15
"PA0409","Amphibians",6
"PA0410","Amphibians",5
"PA0411","Amphibians",14
"PA0412","Amphibians",18
"PA0413","Amphibians",15
"PA0414","Amphibians",14
"PA0415","Amphibians",52
"PA0416","Amphibians",11
"PA0417","Amphibians",41
"PA0418","Amphibians",18
"PA0419","Amphibians",16
"PA0420","Amphibians",5
"PA0421","Amphibians",6
"PA0422","Amphibians",15
"PA0423","Amphibians",4
"PA0424","Amphibians",15
"PA0425","Amphibians",0
"PA0426","Amphibians",17
"PA0427","Amphibians",24
"PA0428","Amphibians",28
"PA0429","Amphibians",5
"PA0430","Amphibians",14
"PA0431","Amphibians",19
"PA0432","Amphibians",16
"PA0433","Amphibians",16
"PA0434","Amphibians",31
"PA0435","Amphibians",15
"PA0436","Amphibians",15
"PA0437","Amphibians",25
"PA0438","Amphibians",5
"PA0439","Amphibians",9
"PA0440","Amphibians",29
"PA0441","Amphibians",26
"PA0442","Amphibians",1
"PA0443","Amphibians",9
"PA0444","Amphibians",9
"PA0445","Amphibians",22
"PA0446","Amphibians",10
"PA0501","Amphibians",24
"PA0502","Amphibians",6
"PA0503","Amphibians",5
"PA0504","Amphibians",18
"PA0505","Amphibians",7
"PA0506","Amphibians",3
"PA0507","Amphibians",6
"PA0508","Amphibians",5
"PA0509","Amphibians",39
"PA0510","Amphibians",4
"PA0511","Amphibians",20
"PA0512","Amphibians",2
"PA0513","Amphibians",3
"PA0514","Amphibians",25
"PA0515","Amphibians",8
"PA0516","Amphibians",27
"PA0517","Amphibians",7
"PA0518","Amphibians",68
"PA0519","Amphibians",6
"PA0520","Amphibians",4
"PA0521","Amphibians",4
"PA0601","Amphibians",7
"PA0602","Amphibians",0
"PA0603","Amphibians",1
"PA0604","Amphibians",1
"PA0605","Amphibians",3
"PA0606","Amphibians",7
"PA0607","Amphibians",4
"PA0608","Amphibians",11
"PA0609","Amphibians",5
"PA0610","Amphibians",10
"PA0611","Amphibians",8
"PA0801","Amphibians",2
"PA0802","Amphibians",5
"PA0803","Amphibians",4
"PA0804","Amphibians",4
"PA0805","Amphibians",14
"PA0806","Amphibians",4
"PA0807","Amphibians",0
"PA0808","Amphibians",5
"PA0809","Amphibians",10
"PA0810","Amphibians",9
"PA0811","Amphibians",3
"PA0812","Amphibians",3
"PA0813","Amphibians",8
"PA0814","Amphibians",17
"PA0815","Amphibians",1
"PA0816","Amphibians",4
"PA0817","Amphibians",6
"PA0818","Amphibians",5
"PA0901","Amphibians",11
"PA0902","Amphibians",8
"PA0903","Amphibians",8
"PA0904","Amphibians",8
"PA0905","Amphibians",4
"PA0906","Amphibians",4
"PA0907","Amphibians",11
"PA0908","Amphibians",9
"PA1001","Amphibians",4
"PA1002","Amphibians",5
"PA1003","Amphibians",27
"PA1004","Amphibians",3
"PA1005","Amphibians",2
"PA1006","Amphibians",6
"PA1007","Amphibians",0
"PA1008","Amphibians",3
"PA1009","Amphibians",3
"PA1010","Amphibians",4
"PA1011","Amphibians",1
"PA1012","Amphibians",4
"PA1013","Amphibians",8
"PA1014","Amphibians",3
"PA1015","Amphibians",2
"PA1016","Amphibians",2
"PA1017","Amphibians",30
"PA1018","Amphibians",4
"PA1019","Amphibians",5
"PA1020","Amphibians",6
"PA1021","Amphibians",11
"PA1022","Amphibians",3
"PA1101","Amphibians",0
"PA1102","Amphibians",1
"PA1103","Amphibians",1
"PA1104","Amphibians",1
"PA1105","Amphibians",1
"PA1106","Amphibians",1
"PA1107","Amphibians",2
"PA1108","Amphibians",2
"PA1109","Amphibians",0
"PA1110","Amphibians",4
"PA1111","Amphibians",1
"PA1112","Amphibians",2
"PA1113","Amphibians",0
"PA1114","Amphibians",3
"PA1201","Amphibians",19
"PA1202","Amphibians",12
"PA1203","Amphibians",2
"PA1204","Amphibians",7
"PA1205","Amphibians",5
"PA1206","Amphibians",3
"PA1207","Amphibians",9
"PA1208","Amphibians",11
"PA1209","Amphibians",16
"PA1210","Amphibians",20
"PA1211","Amphibians",22
"PA1212","Amphibians",7
"PA1213","Amphibians",5
"PA1214","Amphibians",6
"PA1215","Amphibians",24
"PA1216","Amphibians",17
"PA1217","Amphibians",14
"PA1218","Amphibians",12
"PA1219","Amphibians",7
"PA1220","Amphibians",12
"PA1221","Amphibians",17
"PA1222","Amphibians",21
"PA1301","Amphibians",2
"PA1302","Amphibians",5
"PA1303","Amphibians",2
"PA1304","Amphibians",4
"PA1305","Amphibians",9
"PA1306","Amphibians",5
"PA1307","Amphibians",8
"PA1308","Amphibians",5
"PA1309","Amphibians",3
"PA1310","Amphibians",3
"PA1311","Amphibians",3
"PA1312","Amphibians",2
"PA1313","Amphibians",5
"PA1314","Amphibians",2
"PA1315","Amphibians",1
"PA1316","Amphibians",0
"PA1317","Amphibians",4
"PA1318","Amphibians",5
"PA1319","Amphibians",3
"PA1320","Amphibians",0
"PA1321","Amphibians",6
"PA1322","Amphibians",2
"PA1323","Amphibians",1
"PA1324","Amphibians",0
"PA1325","Amphibians",0
"PA1326","Amphibians",7
"PA1327","Amphibians",8
"PA1328","Amphibians",7
"PA1329","Amphibians",6
"PA1330","Amphibians",3
"PA1331","Amphibians",0
"PA1332","Amphibians",6
"PA1333","Amphibians",6
"AA0101","Reptiles",29
"AA0102","Reptiles",53
"AA0103","Reptiles",60
"AA0104","Reptiles",24
"AA0105","Reptiles",79
"AA0106","Reptiles",60
"AA0107","Reptiles",81
"AA0108","Reptiles",60
"AA0109","Reptiles",2
"AA0110","Reptiles",34
"AA0111","Reptiles",52
"AA0112","Reptiles",37
"AA0113","Reptiles",66
"AA0114","Reptiles",2
"AA0115","Reptiles",117
"AA0116","Reptiles",23
"AA0117","Reptiles",164
"AA0118","Reptiles",54
"AA0119","Reptiles",71
"AA0120","Reptiles",119
"AA0121","Reptiles",107
"AA0122","Reptiles",110
"AA0123","Reptiles",108
"AA0124","Reptiles",57
"AA0125","Reptiles",43
"AA0126","Reptiles",27
"AA0127","Reptiles",43
"AA0128","Reptiles",109
"AA0201","Reptiles",56
"AA0202","Reptiles",32
"AA0203","Reptiles",26
"AA0204","Reptiles",54
"AA0401","Reptiles",1
"AA0402","Reptiles",174
"AA0403","Reptiles",2
"AA0404","Reptiles",7
"AA0405","Reptiles",15
"AA0406","Reptiles",16
"AA0407","Reptiles",4
"AA0408","Reptiles",12
"AA0409","Reptiles",90
"AA0410","Reptiles",4
"AA0411","Reptiles",15
"AA0412","Reptiles",16
"AA0413","Reptiles",16
"AA0414","Reptiles",1
"AA0701","Reptiles",126
"AA0702","Reptiles",163
"AA0703","Reptiles",131
"AA0704","Reptiles",149
"AA0705","Reptiles",139
"AA0706","Reptiles",191
"AA0707","Reptiles",141
"AA0708","Reptiles",65
"AA0709","Reptiles",127
"AA0801","Reptiles",10
"AA0802","Reptiles",93
"AA0803","Reptiles",127
"AA1001","Reptiles",54
"AA1002","Reptiles",6
"AA1003","Reptiles",9
"AA1101","Reptiles",0
"AA1201","Reptiles",109
"AA1202","Reptiles",99
"AA1203","Reptiles",85
"AA1204","Reptiles",45
"AA1205","Reptiles",81
"AA1206","Reptiles",76
"AA1207","Reptiles",124
"AA1208","Reptiles",45
"AA1209","Reptiles",138
"AA1210","Reptiles",71
"AA1301","Reptiles",151
"AA1302","Reptiles",135
"AA1303","Reptiles",104
"AA1304","Reptiles",144
"AA1305","Reptiles",135
"AA1306","Reptiles",100
"AA1307","Reptiles",123
"AA1308","Reptiles",121
"AA1309","Reptiles",145
"AA1310","Reptiles",141
"AA1401","Reptiles",38
"AT0101","Reptiles",127
"AT0102","Reptiles",110
"AT0103","Reptiles",36
"AT0104","Reptiles",73
"AT0105","Reptiles",18
"AT0106","Reptiles",65
"AT0107","Reptiles",120
"AT0108","Reptiles",60
"AT0109","Reptiles",83
"AT0110","Reptiles",65
"AT0111","Reptiles",82
"AT0112","Reptiles",59
"AT0113","Reptiles",26
"AT0114","Reptiles",47
"AT0115","Reptiles",32
"AT0116","Reptiles",83
"AT0117","Reptiles",147
"AT0118","Reptiles",152
"AT0119","Reptiles",98
"AT0120","Reptiles",18
"AT0121","Reptiles",50
"AT0122","Reptiles",59
"AT0123","Reptiles",67
"AT0124","Reptiles",109
"AT0125","Reptiles",182
"AT0126","Reptiles",116
"AT0127","Reptiles",22
"AT0128","Reptiles",122
"AT0129","Reptiles",68
"AT0130","Reptiles",79
"AT0201","Reptiles",14
"AT0202","Reptiles",97
"AT0203","Reptiles",34
"AT0701","Reptiles",80
"AT0702","Reptiles",96
"AT0703","Reptiles",0
"AT0704","Reptiles",173
"AT0705","Reptiles",112
"AT0706","Reptiles",94
"AT0707","Reptiles",114
"AT0708","Reptiles",36
"AT0709","Reptiles",86
"AT0710","Reptiles",16
"AT0711","Reptiles",91
"AT0712","Reptiles",136
"AT0713","Reptiles",105
"AT0714","Reptiles",58
"AT0715","Reptiles",170
"AT0716","Reptiles",83
"AT0717","Reptiles",127
"AT0718","Reptiles",116
"AT0719","Reptiles",114
"AT0721","Reptiles",111
"AT0722","Reptiles",120
"AT0723","Reptiles",117
"AT0724","Reptiles",48
"AT0725","Reptiles",153
"AT0726","Reptiles",80
"AT0801","Reptiles",16
"AT0802","Reptiles",0
"AT0803","Reptiles",0
"AT0901","Reptiles",1
"AT0902","Reptiles",8
"AT0903","Reptiles",11
"AT0904","Reptiles",12
"AT0905","Reptiles",19
"AT0906","Reptiles",49
"AT0907","Reptiles",80
"AT0908","Reptiles",8
"AT1001","Reptiles",43
"AT1002","Reptiles",46
"AT1003","Reptiles",29
"AT1004","Reptiles",112
"AT1005","Reptiles",9
"AT1006","Reptiles",57
"AT1007","Reptiles",54
"AT1008","Reptiles",16
"AT1009","Reptiles",65
"AT1010","Reptiles",58
"AT1011","Reptiles",21
"AT1012","Reptiles",59
"AT1013","Reptiles",9
"AT1014","Reptiles",36
"AT1015","Reptiles",46
"AT1201","Reptiles",51
"AT1202","Reptiles",63
"AT1203","Reptiles",67
"AT1302","Reptiles",67
"AT1303","Reptiles",7
"AT1304","Reptiles",25
"AT1305","Reptiles",76
"AT1306","Reptiles",50
"AT1307","Reptiles",20
"AT1308","Reptiles",0
"AT1309","Reptiles",101
"AT1310","Reptiles",59
"AT1311","Reptiles",85
"AT1312","Reptiles",58
"AT1313","Reptiles",23
"AT1314","Reptiles",62
"AT1315","Reptiles",65
"AT1316","Reptiles",111
"AT1318","Reptiles",28
"AT1319","Reptiles",43
"AT1320","Reptiles",66
"AT1321","Reptiles",30
"AT1322","Reptiles",89
"AT1401","Reptiles",8
"AT1402","Reptiles",7
"AT1403","Reptiles",7
"AT1404","Reptiles",3
"AT1405","Reptiles",5
"IM0101","Reptiles",0
"IM0102","Reptiles",230
"IM0103","Reptiles",107
"IM0104","Reptiles",119
"IM0105","Reptiles",3
"IM0106","Reptiles",69
"IM0107","Reptiles",50
"IM0108","Reptiles",65
"IM0109","Reptiles",7
"IM0110","Reptiles",10
"IM0111","Reptiles",33
"IM0112","Reptiles",66
"IM0113","Reptiles",91
"IM0114","Reptiles",97
"IM0115","Reptiles",2
"IM0116","Reptiles",6
"IM0117","Reptiles",48
"IM0118","Reptiles",148
"IM0119","Reptiles",112
"IM0120","Reptiles",42
"IM0121","Reptiles",78
"IM0122","Reptiles",55
"IM0123","Reptiles",116
"IM0124","Reptiles",46
"IM0125","Reptiles",6
"IM0126","Reptiles",52
"IM0127","Reptiles",63
"IM0128","Reptiles",78
"IM0129","Reptiles",131
"IM0130","Reptiles",57
"IM0131","Reptiles",71
"IM0132","Reptiles",55
"IM0133","Reptiles",43
"IM0134","Reptiles",43
"IM0135","Reptiles",16
"IM0136","Reptiles",47
"IM0137","Reptiles",166
"IM0138","Reptiles",51
"IM0139","Reptiles",63
"IM0140","Reptiles",43
"IM0141","Reptiles",42
"IM0142","Reptiles",23
"IM0143","Reptiles",71
"IM0144","Reptiles",92
"IM0145","Reptiles",38
"IM0146","Reptiles",155
"IM0147","Reptiles",15
"IM0148","Reptiles",2
"IM0149","Reptiles",154
"IM0150","Reptiles",56
"IM0151","Reptiles",99
"IM0152","Reptiles",85
"IM0153","Reptiles",118
"IM0154","Reptiles",45
"IM0155","Reptiles",61
"IM0156","Reptiles",60
"IM0157","Reptiles",123
"IM0158","Reptiles",188
"IM0159","Reptiles",112
"IM0160","Reptiles",118
"IM0161","Reptiles",125
"IM0162","Reptiles",30
"IM0163","Reptiles",153
"IM0164","Reptiles",29
"IM0165","Reptiles",33
"IM0166","Reptiles",33
"IM0167","Reptiles",76
"IM0168","Reptiles",112
"IM0169","Reptiles",86
"IM0170","Reptiles",48
"IM0171","Reptiles",40
"IM0172","Reptiles",88
"IM0201","Reptiles",28
"IM0202","Reptiles",73
"IM0203","Reptiles",25
"IM0204","Reptiles",45
"IM0205","Reptiles",4
"IM0206","Reptiles",39
"IM0207","Reptiles",20
"IM0208","Reptiles",9
"IM0209","Reptiles",36
"IM0210","Reptiles",95
"IM0211","Reptiles",64
"IM0212","Reptiles",72
"IM0301","Reptiles",100
"IM0302","Reptiles",35
"IM0303","Reptiles",0
"IM0304","Reptiles",1
"IM0401","Reptiles",42
"IM0402","Reptiles",29
"IM0403","Reptiles",18
"IM0501","Reptiles",2
"IM0502","Reptiles",3
"IM0701","Reptiles",21
"IM0901","Reptiles",2
"IM1001","Reptiles",6
"IM1301","Reptiles",32
"IM1302","Reptiles",0
"IM1303","Reptiles",89
"IM1304","Reptiles",20
"IM1401","Reptiles",11
"IM1402","Reptiles",34
"IM1403","Reptiles",1
"IM1404","Reptiles",21
"IM1405","Reptiles",26
"IM1406","Reptiles",13
"NA0201","Reptiles",0
"NA0302","Reptiles",122
"NA0303","Reptiles",128
"NA0401","Reptiles",19
"NA0402","Reptiles",35
"NA0403","Reptiles",32
"NA0404","Reptiles",49
"NA0405","Reptiles",43
"NA0406","Reptiles",12
"NA0407","Reptiles",17
"NA0408","Reptiles",3
"NA0409","Reptiles",36
"NA0410","Reptiles",14
"NA0411","Reptiles",20
"NA0412","Reptiles",41
"NA0413","Reptiles",49
"NA0414","Reptiles",21
"NA0415","Reptiles",23
"NA0416","Reptiles",12
"NA0417","Reptiles",7
"NA0501","Reptiles",2
"NA0502","Reptiles",2
"NA0503","Reptiles",30
"NA0504","Reptiles",20
"NA0505","Reptiles",13
"NA0506","Reptiles",7
"NA0507","Reptiles",4
"NA0508","Reptiles",13
"NA0509","Reptiles",2
"NA0510","Reptiles",10
"NA0511","Reptiles",6
"NA0512","Reptiles",13
"NA0513","Reptiles",41
"NA0514","Reptiles",3
"NA0515","Reptiles",8
"NA0516","Reptiles",17
"NA0517","Reptiles",48
"NA0518","Reptiles",10
"NA0519","Reptiles",18
"NA0520","Reptiles",0
"NA0521","Reptiles",1
"NA0522","Reptiles",13
"NA0523","Reptiles",42
"NA0524","Reptiles",8
"NA0525","Reptiles",0
"NA0526","Reptiles",28
"NA0527","Reptiles",17
"NA0528","Reptiles",9
"NA0529","Reptiles",59
"NA0530","Reptiles",15
"NA0601","Reptiles",0
"NA0602","Reptiles",1
"NA0603","Reptiles",0
"NA0604","Reptiles",0
"NA0605","Reptiles",1
"NA0606","Reptiles",1
"NA0607","Reptiles",0
"NA0608","Reptiles",1
"NA0609","Reptiles",1
"NA0610","Reptiles",0
"NA0611","Reptiles",0
"NA0612","Reptiles",0
"NA0613","Reptiles",1
"NA0614","Reptiles",0
"NA0615","Reptiles",0
"NA0616","Reptiles",1
"NA0617","Reptiles",0
"NA0701","Reptiles",66
"NA0801","Reptiles",14
"NA0802","Reptiles",7
"NA0803","Reptiles",58
"NA0804","Reptiles",62
"NA0805","Reptiles",29
"NA0806","Reptiles",52
"NA0807","Reptiles",34
"NA0808","Reptiles",9
"NA0809","Reptiles",15
"NA0810","Reptiles",12
"NA0811","Reptiles",14
"NA0812","Reptiles",10
"NA0813","Reptiles",13
"NA0814","Reptiles",53
"NA0815","Reptiles",55
"NA1101","Reptiles",0
"NA1102","Reptiles",0
"NA1103","Reptiles",0
"NA1104","Reptiles",0
"NA1105","Reptiles",0
"NA1106","Reptiles",0
"NA1107","Reptiles",0
"NA1108","Reptiles",0
"NA1109","Reptiles",0
"NA1110","Reptiles",0
"NA1111","Reptiles",0
"NA1112","Reptiles",0
"NA1113","Reptiles",0
"NA1114","Reptiles",0
"NA1115","Reptiles",0
"NA1116","Reptiles",0
"NA1117","Reptiles",1
"NA1118","Reptiles",0
"NA1201","Reptiles",58
"NA1202","Reptiles",31
"NA1203","Reptiles",31
"NA1301","Reptiles",62
"NA1302","Reptiles",127
"NA1303","Reptiles",146
"NA1304","Reptiles",55
"NA1305","Reptiles",29
"NA1306","Reptiles",80
"NA1307","Reptiles",99
"NA1308","Reptiles",41
"NA1309","Reptiles",21
"NA1310","Reptiles",104
"NA1311","Reptiles",64
"NA1312","Reptiles",81
"NA1313","Reptiles",7
"NT0101","Reptiles",124
"NT0102","Reptiles",26
"NT0103","Reptiles",77
"NT0104","Reptiles",21
"NT0105","Reptiles",38
"NT0106","Reptiles",45
"NT0107","Reptiles",115
"NT0108","Reptiles",54
"NT0109","Reptiles",94
"NT0111","Reptiles",131
"NT0112","Reptiles",111
"NT0113","Reptiles",60
"NT0114","Reptiles",31
"NT0115","Reptiles",186
"NT0116","Reptiles",0
"NT0117","Reptiles",53
"NT0118","Reptiles",70
"NT0119","Reptiles",92
"NT0120","Reptiles",95
"NT0121","Reptiles",154
"NT0122","Reptiles",99
"NT0124","Reptiles",63
"NT0125","Reptiles",186
"NT0126","Reptiles",11
"NT0127","Reptiles",114
"NT0128","Reptiles",147
"NT0129","Reptiles",153
"NT0130","Reptiles",134
"NT0131","Reptiles",31
"NT0132","Reptiles",57
"NT0133","Reptiles",22
"NT0134","Reptiles",42
"NT0135","Reptiles",54
"NT0136","Reptiles",80
"NT0137","Reptiles",115
"NT0138","Reptiles",65
"NT0139","Reptiles",105
"NT0140","Reptiles",28
"NT0141","Reptiles",20
"NT0142","Reptiles",190
"NT0143","Reptiles",110
"NT0144","Reptiles",1
"NT0145","Reptiles",143
"NT0146","Reptiles",90
"NT0147","Reptiles",16
"NT0148","Reptiles",41
"NT0149","Reptiles",62
"NT0150","Reptiles",142
"NT0151","Reptiles",72
"NT0152","Reptiles",14
"NT0153","Reptiles",80
"NT0154","Reptiles",213
"NT0155","Reptiles",35
"NT0156","Reptiles",144
"NT0157","Reptiles",21
"NT0158","Reptiles",8
"NT0159","Reptiles",38
"NT0160","Reptiles",107
"NT0161","Reptiles",78
"NT0162","Reptiles",112
"NT0163","Reptiles",204
"NT0164","Reptiles",40
"NT0165","Reptiles",71
"NT0166","Reptiles",212
"NT0167","Reptiles",131
"NT0168","Reptiles",97
"NT0169","Reptiles",24
"NT0170","Reptiles",132
"NT0171","Reptiles",11
"NT0173","Reptiles",142
"NT0174","Reptiles",128
"NT0175","Reptiles",32
"NT0176","Reptiles",136
"NT0177","Reptiles",48
"NT0178","Reptiles",132
"NT0179","Reptiles",44
"NT0180","Reptiles",107
"NT0181","Reptiles",121
"NT0182","Reptiles",0
"NT0201","Reptiles",65
"NT0202","Reptiles",21
"NT0204","Reptiles",69
"NT0205","Reptiles",140
"NT0206","Reptiles",29
"NT0207","Reptiles",35
"NT0209","Reptiles",89
"NT0210","Reptiles",125
"NT0211","Reptiles",103
"NT0212","Reptiles",74
"NT0213","Reptiles",91
"NT0214","Reptiles",25
"NT0215","Reptiles",114
"NT0216","Reptiles",5
"NT0217","Reptiles",115
"NT0218","Reptiles",29
"NT0219","Reptiles",9
"NT0220","Reptiles",55
"NT0221","Reptiles",46
"NT0222","Reptiles",12
"NT0223","Reptiles",38
"NT0224","Reptiles",52
"NT0225","Reptiles",12
"NT0226","Reptiles",50
"NT0227","Reptiles",45
"NT0228","Reptiles",124
"NT0229","Reptiles",126
"NT0230","Reptiles",205
"NT0232","Reptiles",55
"NT0233","Reptiles",63
"NT0235","Reptiles",89
"NT0301","Reptiles",42
"NT0302","Reptiles",39
"NT0303","Reptiles",191
"NT0304","Reptiles",81
"NT0305","Reptiles",76
"NT0306","Reptiles",0
"NT0307","Reptiles",12
"NT0308","Reptiles",95
"NT0309","Reptiles",166
"NT0310","Reptiles",167
"NT0401","Reptiles",0
"NT0402","Reptiles",4
"NT0404","Reptiles",19
"NT0702","Reptiles",22
"NT0703","Reptiles",38
"NT0704","Reptiles",203
"NT0705","Reptiles",0
"NT0707","Reptiles",53
"NT0708","Reptiles",100
"NT0709","Reptiles",78
"NT0710","Reptiles",82
"NT0801","Reptiles",77
"NT0802","Reptiles",44
"NT0803","Reptiles",59
"NT0805","Reptiles",67
"NT0902","Reptiles",66
"NT0903","Reptiles",54
"NT0904","Reptiles",34
"NT0905","Reptiles",5
"NT0906","Reptiles",12
"NT0907","Reptiles",93
"NT0908","Reptiles",49
"NT0909","Reptiles",40
"NT1001","Reptiles",26
"NT1002","Reptiles",29
"NT1003","Reptiles",19
"NT1004","Reptiles",1
"NT1005","Reptiles",0
"NT1006","Reptiles",50
"NT1007","Reptiles",0
"NT1008","Reptiles",60
"NT1010","Reptiles",49
"NT1201","Reptiles",27
"NT1301","Reptiles",3
"NT1303","Reptiles",6
"NT1304","Reptiles",88
"NT1305","Reptiles",89
"NT1306","Reptiles",92
"NT1307","Reptiles",23
"NT1308","Reptiles",47
"NT1309","Reptiles",9
"NT1312","Reptiles",85
"NT1313","Reptiles",8
"NT1314","Reptiles",48
"NT1315","Reptiles",60
"NT1316","Reptiles",65
"NT1318","Reptiles",0
"NT1401","Reptiles",29
"NT1402","Reptiles",321
"NT1403","Reptiles",145
"NT1404","Reptiles",0
"NT1405","Reptiles",76
"NT1406","Reptiles",6
"NT1407","Reptiles",115
"OC0103","Reptiles",11
"OC0105","Reptiles",19
"OC0106","Reptiles",0
"OC0108","Reptiles",10
"OC0109","Reptiles",4
"OC0110","Reptiles",20
"OC0112","Reptiles",15
"OC0114","Reptiles",16
"OC0115","Reptiles",9
"OC0117","Reptiles",6
"OC0201","Reptiles",17
"OC0202","Reptiles",0
"OC0203","Reptiles",14
"OC0701","Reptiles",0
"OC0702","Reptiles",0
"PA0101","Reptiles",101
"PA0102","Reptiles",97
"PA0401","Reptiles",15
"PA0402","Reptiles",16
"PA0403","Reptiles",0
"PA0404","Reptiles",33
"PA0405","Reptiles",5
"PA0406","Reptiles",31
"PA0407","Reptiles",44
"PA0408","Reptiles",66
"PA0409","Reptiles",5
"PA0410","Reptiles",21
"PA0411","Reptiles",49
"PA0412","Reptiles",13
"PA0413","Reptiles",15
"PA0414","Reptiles",13
"PA0415","Reptiles",82
"PA0416","Reptiles",22
"PA0417","Reptiles",62
"PA0418","Reptiles",26
"PA0419","Reptiles",19
"PA0420","Reptiles",20
"PA0421","Reptiles",5
"PA0422","Reptiles",41
"PA0423","Reptiles",6
"PA0424","Reptiles",44
"PA0425","Reptiles",1
"PA0426","Reptiles",20
"PA0427","Reptiles",10
"PA0428","Reptiles",10
"PA0429","Reptiles",2
"PA0430","Reptiles",27
"PA0431","Reptiles",15
"PA0432","Reptiles",17
"PA0433","Reptiles",25
"PA0434","Reptiles",58
"PA0435","Reptiles",22
"PA0436","Reptiles",6
"PA0437","Reptiles",41
"PA0438","Reptiles",9
"PA0439","Reptiles",11
"PA0440","Reptiles",19
"PA0441","Reptiles",11
"PA0442","Reptiles",6
"PA0443","Reptiles",13
"PA0444","Reptiles",6
"PA0445","Reptiles",17
"PA0446","Reptiles",81
"PA0501","Reptiles",18
"PA0502","Reptiles",6
"PA0503","Reptiles",2
"PA0504","Reptiles",12
"PA0505","Reptiles",7
"PA0506","Reptiles",4
"PA0507","Reptiles",32
"PA0508","Reptiles",15
"PA0509","Reptiles",29
"PA0510","Reptiles",7
"PA0511","Reptiles",10
"PA0512","Reptiles",0
"PA0513","Reptiles",25
"PA0514","Reptiles",19
"PA0515","Reptiles",30
"PA0516","Reptiles",60
"PA0517","Reptiles",2
"PA0518","Reptiles",60
"PA0519","Reptiles",5
"PA0520","Reptiles",4
"PA0521","Reptiles",21
"PA0601","Reptiles",6
"PA0602","Reptiles",1
"PA0603","Reptiles",0
"PA0604","Reptiles",0
"PA0605","Reptiles",0
"PA0606","Reptiles",6
"PA0607","Reptiles",1
"PA0608","Reptiles",6
"PA0609","Reptiles",6
"PA0610","Reptiles",7
"PA0611","Reptiles",5
"PA0801","Reptiles",41
"PA0802","Reptiles",12
"PA0803","Reptiles",10
"PA0804","Reptiles",6
"PA0805","Reptiles",66
"PA0806","Reptiles",22
"PA0807","Reptiles",1
"PA0808","Reptiles",45
"PA0809","Reptiles",9
"PA0810","Reptiles",14
"PA0811","Reptiles",9
"PA0812","Reptiles",37
"PA0813","Reptiles",24
"PA0814","Reptiles",45
"PA0815","Reptiles",5
"PA0816","Reptiles",5
"PA0817","Reptiles",5
"PA0818","Reptiles",29
"PA0901","Reptiles",9
"PA0902","Reptiles",0
"PA0903","Reptiles",1
"PA0904","Reptiles",39
"PA0905","Reptiles",26
"PA0906","Reptiles",46
"PA0907","Reptiles",11
"PA0908","Reptiles",10
"PA1001","Reptiles",11
"PA1002","Reptiles",12
"PA1003","Reptiles",23
"PA1004","Reptiles",6
"PA1005","Reptiles",5
"PA1006","Reptiles",32
"PA1007","Reptiles",0
"PA1008","Reptiles",55
"PA1009","Reptiles",46
"PA1010","Reptiles",25
"PA1011","Reptiles",12
"PA1012","Reptiles",6
"PA1013","Reptiles",25
"PA1014","Reptiles",12
"PA1015","Reptiles",4
"PA1016","Reptiles",6
"PA1017","Reptiles",62
"PA1018","Reptiles",24
"PA1019","Reptiles",24
"PA1020","Reptiles",8
"PA1021","Reptiles",8
"PA1022","Reptiles",5
"PA1101","Reptiles",0
"PA1102","Reptiles",0
"PA1103","Reptiles",0
"PA1104","Reptiles",0
"PA1105","Reptiles",0
"PA1106","Reptiles",1
"PA1107","Reptiles",0
"PA1108","Reptiles",3
"PA1109","Reptiles",0
"PA1110","Reptiles",2
"PA1111","Reptiles",0
"PA1112","Reptiles",2
"PA1113","Reptiles",0
"PA1114","Reptiles",1
"PA1201","Reptiles",44
"PA1202","Reptiles",28
"PA1203","Reptiles",10
"PA1204","Reptiles",8
"PA1205","Reptiles",14
"PA1206","Reptiles",23
"PA1207","Reptiles",76
"PA1208","Reptiles",27
"PA1209","Reptiles",30
"PA1210","Reptiles",31
"PA1211","Reptiles",23
"PA1212","Reptiles",44
"PA1213","Reptiles",55
"PA1214","Reptiles",61
"PA1215","Reptiles",33
"PA1216","Reptiles",30
"PA1217","Reptiles",27
"PA1218","Reptiles",16
"PA1219","Reptiles",22
"PA1220","Reptiles",51
"PA1221","Reptiles",25
"PA1222","Reptiles",36
"PA1301","Reptiles",3
"PA1302","Reptiles",21
"PA1303","Reptiles",90
"PA1304","Reptiles",19
"PA1305","Reptiles",36
"PA1306","Reptiles",60
"PA1307","Reptiles",88
"PA1308","Reptiles",51
"PA1309","Reptiles",11
"PA1310","Reptiles",34
"PA1311","Reptiles",40
"PA1312","Reptiles",44
"PA1313","Reptiles",66
"PA1314","Reptiles",7
"PA1315","Reptiles",0
"PA1316","Reptiles",6
"PA1317","Reptiles",23
"PA1318","Reptiles",25
"PA1319","Reptiles",50
"PA1320","Reptiles",45
"PA1321","Reptiles",62
"PA1322","Reptiles",12
"PA1323","Reptiles",39
"PA1324","Reptiles",4
"PA1325","Reptiles",76
"PA1326","Reptiles",79
"PA1327","Reptiles",59
"PA1328","Reptiles",97
"PA1329","Reptiles",50
"PA1330","Reptiles",24
"PA1331","Reptiles",15
"PA1332","Reptiles",33
"PA1333","Reptiles",30
"AA0101","Plants",2000
"AA0102","Plants",1200
"AA0103","Plants",1500
"AA0104","Plants",1700
"AA0105","Plants",7500
"AA0106","Plants",2000
"AA0107","Plants",5500
"AA0108","Plants",1500
"AA0109","Plants",210
"AA0110","Plants",3200
"AA0111","Plants",2700
"AA0112","Plants",2500
"AA0113","Plants",3000
"AA0114","Plants",165
"AA0115","Plants",4400
"AA0116","Plants",3000
"AA0117","Plants",4800
"AA0118","Plants",2100
"AA0119","Plants",4800
"AA0120","Plants",5500
"AA0121","Plants",2100
"AA0122","Plants",4000
"AA0123","Plants",3900
"AA0124","Plants",2200
"AA0125","Plants",2800
"AA0126","Plants",950
"AA0127","Plants",5500
"AA0128","Plants",3500
"AA0201","Plants",2500
"AA0202","Plants",430
"AA0203","Plants",900
"AA0204","Plants",1600
"AA0401","Plants",315
"AA0402","Plants",3700
"AA0403","Plants",750
"AA0404","Plants",1300
"AA0405","Plants",1200
"AA0406","Plants",850
"AA0407","Plants",570
"AA0408","Plants",1000
"AA0409","Plants",2400
"AA0410","Plants",650
"AA0411","Plants",700
"AA0412","Plants",600
"AA0413","Plants",800
"AA0414","Plants",700
"AA0701","Plants",2500
"AA0702","Plants",1600
"AA0703","Plants",3100
"AA0704","Plants",1600
"AA0705","Plants",1600
"AA0706","Plants",2000
"AA0707","Plants",900
"AA0708","Plants",2200
"AA0709","Plants",1200
"AA0801","Plants",800
"AA0802","Plants",800
"AA0803","Plants",900
"AA1001","Plants",1000
"AA1002","Plants",1800
"AA1003","Plants",850
"AA1101","Plants",240
"AA1201","Plants",1800
"AA1202","Plants",2900
"AA1203","Plants",2000
"AA1204","Plants",2200
"AA1205","Plants",2300
"AA1206","Plants",2000
"AA1207","Plants",1100
"AA1208","Plants",1500
"AA1209","Plants",1900
"AA1210","Plants",2000
"AA1301","Plants",700
"AA1302","Plants",1400
"AA1303","Plants",400
"AA1304","Plants",500
"AA1305","Plants",400
"AA1306","Plants",200
"AA1307","Plants",800
"AA1308","Plants",800
"AA1309","Plants",800
"AA1310","Plants",900
"AA1401","Plants",250
"AT0101","Plants",3500
"AT0102","Plants",6000
"AT0103","Plants",3300
"AT0104","Plants",3600
"AT0105","Plants",1500
"AT0106","Plants",2100
"AT0107","Plants",4000
"AT0108","Plants",4000
"AT0109","Plants",3200
"AT0110","Plants",2000
"AT0111","Plants",3200
"AT0112","Plants",4000
"AT0113","Plants",280
"AT0114","Plants",2700
"AT0115","Plants",1000
"AT0116","Plants",2000
"AT0117","Plants",6000
"AT0118","Plants",3200
"AT0119","Plants",2700
"AT0120","Plants",950
"AT0121","Plants",3300
"AT0122","Plants",1500
"AT0123","Plants",3000
"AT0124","Plants",3600
"AT0125","Plants",3300
"AT0126","Plants",4100
"AT0127","Plants",950
"AT0128","Plants",2800
"AT0129","Plants",2100
"AT0130","Plants",3300
"AT0201","Plants",257
"AT0202","Plants",2100
"AT0203","Plants",1300
"AT0701","Plants",2400
"AT0702","Plants",1100
"AT0703","Plants",25
"AT0704","Plants",3800
"AT0705","Plants",2300
"AT0706","Plants",2800
"AT0707","Plants",2500
"AT0708","Plants",1000
"AT0709","Plants",1400
"AT0710","Plants",600
"AT0711","Plants",1300
"AT0712","Plants",2500
"AT0713","Plants",1300
"AT0714","Plants",1000
"AT0715","Plants",2600
"AT0716","Plants",2300
"AT0717","Plants",1500
"AT0718","Plants",3000
"AT0719","Plants",2200
"AT0721","Plants",2500
"AT0722","Plants",2100
"AT0723","Plants",3300
"AT0724","Plants",800
"AT0725","Plants",2500
"AT0726","Plants",1300
"AT0801","Plants",700
"AT0802","Plants",60
"AT0803","Plants",90
"AT0901","Plants",80
"AT0902","Plants",80
"AT0903","Plants",500
"AT0904","Plants",600
"AT0905","Plants",1300
"AT0906","Plants",1100
"AT0907","Plants",1400
"AT0908","Plants",80
"AT1001","Plants",2000
"AT1002","Plants",1500
"AT1003","Plants",800
"AT1004","Plants",3700
"AT1005","Plants",400
"AT1006","Plants",1700
"AT1007","Plants",2000
"AT1008","Plants",700
"AT1009","Plants",1900
"AT1010","Plants",1300
"AT1011","Plants",1000
"AT1012","Plants",2100
"AT1013","Plants",400
"AT1014","Plants",1900
"AT1015","Plants",1900
"AT1201","Plants",1200
"AT1202","Plants",3000
"AT1203","Plants",6300
"AT1302","Plants",1000
"AT1303","Plants",700
"AT1304","Plants",100
"AT1305","Plants",850
"AT1306","Plants",300
"AT1307","Plants",800
"AT1308","Plants",80
"AT1309","Plants",700
"AT1310","Plants",500
"AT1311","Plants",1100
"AT1312","Plants",1400
"AT1313","Plants",900
"AT1314","Plants",1100
"AT1315","Plants",1000
"AT1316","Plants",1100
"AT1318","Plants",750
"AT1319","Plants",1500
"AT1320","Plants",400
"AT1321","Plants",2000
"AT1322","Plants",4850
"AT1401","Plants",200
"AT1402","Plants",200
"AT1403","Plants",200
"AT1404","Plants",200
"AT1405","Plants",200
"IM0101","Plants",1827
"IM0102","Plants",10000
"IM0103","Plants",4000
"IM0104","Plants",2500
"IM0105","Plants",2500
"IM0106","Plants",3000
"IM0107","Plants",1100
"IM0108","Plants",2000
"IM0109","Plants",2600
"IM0110","Plants",220
"IM0111","Plants",1600
"IM0112","Plants",1500
"IM0113","Plants",2900
"IM0114","Plants",3000
"IM0115","Plants",1800
"IM0116","Plants",1000
"IM0117","Plants",1800
"IM0118","Plants",5500
"IM0119","Plants",4000
"IM0120","Plants",3500
"IM0121","Plants",3800
"IM0122","Plants",1500
"IM0123","Plants",5000
"IM0124","Plants",1500
"IM0125","Plants",380
"IM0126","Plants",3000
"IM0127","Plants",1500
"IM0128","Plants",2000
"IM0129","Plants",4300
"IM0130","Plants",2500
"IM0131","Plants",3800
"IM0132","Plants",2200
"IM0133","Plants",1379
"IM0134","Plants",2300
"IM0135","Plants",2800
"IM0136","Plants",3000
"IM0137","Plants",7000
"IM0138","Plants",1500
"IM0139","Plants",2300
"IM0140","Plants",3500
"IM0141","Plants",2800
"IM0142","Plants",1400
"IM0143","Plants",2700
"IM0144","Plants",3200
"IM0145","Plants",1100
"IM0146","Plants",7000
"IM0147","Plants",800
"IM0148","Plants",400
"IM0149","Plants",6500
"IM0150","Plants",2300
"IM0151","Plants",3300
"IM0152","Plants",4000
"IM0153","Plants",1400
"IM0154","Plants",2000
"IM0155","Plants",2200
"IM0156","Plants",1400
"IM0157","Plants",1600
"IM0158","Plants",7500
"IM0159","Plants",3500
"IM0160","Plants",2000
"IM0161","Plants",1600
"IM0162","Plants",800
"IM0163","Plants",4000
"IM0164","Plants",800
"IM0165","Plants",700
"IM0166","Plants",2100
"IM0167","Plants",2000
"IM0168","Plants",3500
"IM0169","Plants",3000
"IM0170","Plants",2000
"IM0171","Plants",2700
"IM0172","Plants",3000
"IM0201","Plants",1800
"IM0202","Plants",3000
"IM0203","Plants",1200
"IM0204","Plants",1200
"IM0205","Plants",1000
"IM0206","Plants",1400
"IM0207","Plants",1000
"IM0208","Plants",1000
"IM0209","Plants",2000
"IM0210","Plants",4000
"IM0211","Plants",1700
"IM0212","Plants",1200
"IM0301","Plants",1000
"IM0302","Plants",1300
"IM0303","Plants",1000
"IM0304","Plants",1000
"IM0401","Plants",4500
"IM0402","Plants",2500
"IM0403","Plants",1200
"IM0501","Plants",2000
"IM0502","Plants",1000
"IM0701","Plants",1000
"IM0901","Plants",800
"IM1001","Plants",3800
"IM1301","Plants",1300
"IM1302","Plants",400
"IM1303","Plants",1000
"IM1304","Plants",650
"IM1401","Plants",200
"IM1402","Plants",200
"IM1403","Plants",200
"IM1404","Plants",200
"IM1405","Plants",250
"IM1406","Plants",350
"NA0201","Plants",1700
"NA0302","Plants",4400
"NA0303","Plants",3300
"NA0401","Plants",1883
"NA0402","Plants",2487
"NA0403","Plants",2398
"NA0404","Plants",2332
"NA0405","Plants",1553
"NA0406","Plants",1228
"NA0407","Plants",1381
"NA0408","Plants",1033
"NA0409","Plants",1468
"NA0410","Plants",1496
"NA0411","Plants",1695
"NA0412","Plants",1743
"NA0413","Plants",3363
"NA0414","Plants",2243
"NA0415","Plants",1420
"NA0416","Plants",1459
"NA0417","Plants",1067
"NA0501","Plants",660
"NA0502","Plants",740
"NA0503","Plants",2204
"NA0504","Plants",632
"NA0505","Plants",1134
"NA0506","Plants",1325
"NA0507","Plants",1328
"NA0508","Plants",1296
"NA0509","Plants",909
"NA0510","Plants",1109
"NA0511","Plants",1626
"NA0512","Plants",1224
"NA0513","Plants",951
"NA0514","Plants",1012
"NA0515","Plants",1043
"NA0516","Plants",1859
"NA0517","Plants",1488
"NA0518","Plants",1695
"NA0519","Plants",1212
"NA0520","Plants",615
"NA0521","Plants",876
"NA0522","Plants",1355
"NA0523","Plants",1729
"NA0524","Plants",1100
"NA0525","Plants",459
"NA0526","Plants",1200
"NA0527","Plants",2373
"NA0528","Plants",1933
"NA0529","Plants",3095
"NA0530","Plants",1109
"NA0601","Plants",510
"NA0602","Plants",1246
"NA0603","Plants",738
"NA0604","Plants",407
"NA0605","Plants",1140
"NA0606","Plants",925
"NA0607","Plants",810
"NA0608","Plants",613
"NA0609","Plants",797
"NA0610","Plants",722
"NA0611","Plants",473
"NA0612","Plants",720
"NA0613","Plants",823
"NA0614","Plants",576
"NA0615","Plants",258
"NA0616","Plants",1178
"NA0617","Plants",692
"NA0701","Plants",2180
"NA0801","Plants",1682
"NA0802","Plants",1464
"NA0803","Plants",2081
"NA0804","Plants",2124
"NA0805","Plants",1779
"NA0806","Plants",2361
"NA0807","Plants",1174
"NA0808","Plants",1197
"NA0809","Plants",1185
"NA0810","Plants",1595
"NA0811","Plants",1867
"NA0812","Plants",1055
"NA0813","Plants",1290
"NA0814","Plants",1531
"NA0815","Plants",2359
"NA1101","Plants",747
"NA1102","Plants",388
"NA1103","Plants",539
"NA1104","Plants",580
"NA1105","Plants",135
"NA1106","Plants",553
"NA1107","Plants",538
"NA1108","Plants",593
"NA1109","Plants",216
"NA1110","Plants",245
"NA1111","Plants",617
"NA1112","Plants",200
"NA1113","Plants",480
"NA1114","Plants",497
"NA1115","Plants",371
"NA1116","Plants",589
"NA1117","Plants",792
"NA1118","Plants",286
"NA1201","Plants",1650
"NA1202","Plants",2105
"NA1203","Plants",2075
"NA1301","Plants",1900
"NA1302","Plants",3200
"NA1303","Plants",3500
"NA1304","Plants",2556
"NA1305","Plants",2519
"NA1306","Plants",1300
"NA1307","Plants",3500
"NA1308","Plants",2490
"NA1309","Plants",2169
"NA1310","Plants",2700
"NA1311","Plants",1900
"NA1312","Plants",1900
"NA1313","Plants",1557
"NT0101","Plants",4500
"NT0102","Plants",1500
"NT0103","Plants",5000
"NT0104","Plants",6000
"NT0105","Plants",6000
"NT0106","Plants",1500
"NT0107","Plants",9000
"NT0108","Plants",1900
"NT0109","Plants",4500
"NT0111","Plants",4100
"NT0112","Plants",3500
"NT0113","Plants",3800
"NT0114","Plants",2500
"NT0115","Plants",9000
"NT0116","Plants",320
"NT0117","Plants",3700
"NT0118","Plants",5500
"NT0119","Plants",3300
"NT0120","Plants",3500
"NT0121","Plants",6500
"NT0122","Plants",3300
"NT0124","Plants",8000
"NT0125","Plants",8000
"NT0126","Plants",2500
"NT0127","Plants",3800
"NT0128","Plants",3200
"NT0129","Plants",8000
"NT0130","Plants",6500
"NT0131","Plants",2800
"NT0132","Plants",8000
"NT0133","Plants",5000
"NT0134","Plants",1500
"NT0135","Plants",6000
"NT0136","Plants",5500
"NT0137","Plants",4500
"NT0138","Plants",3500
"NT0139","Plants",3200
"NT0140","Plants",4000
"NT0141","Plants",4500
"NT0142","Plants",7000
"NT0143","Plants",6500
"NT0144","Plants",1000
"NT0145","Plants",6500
"NT0146","Plants",3200
"NT0147","Plants",1700
"NT0148","Plants",1900
"NT0149","Plants",700
"NT0150","Plants",6500
"NT0151","Plants",3000
"NT0152","Plants",2500
"NT0153","Plants",6500
"NT0154","Plants",6500
"NT0155","Plants",1800
"NT0156","Plants",5000
"NT0157","Plants",5000
"NT0158","Plants",3000
"NT0159","Plants",1600
"NT0160","Plants",9000
"NT0161","Plants",2750
"NT0162","Plants",4100
"NT0163","Plants",7000
"NT0164","Plants",1034
"NT0165","Plants",3500
"NT0166","Plants",8500
"NT0167","Plants",8500
"NT0168","Plants",5000
"NT0169","Plants",2900
"NT0170","Plants",4500
"NT0171","Plants",2100
"NT0173","Plants",6500
"NT0174","Plants",4050
"NT0175","Plants",4500
"NT0176","Plants",6000
"NT0177","Plants",2700
"NT0178","Plants",5300
"NT0179","Plants",1600
"NT0180","Plants",5000
"NT0181","Plants",1600
"NT0182","Plants",5000
"NT0201","Plants",1800
"NT0202","Plants",2000
"NT0204","Plants",4200
"NT0205","Plants",4300
"NT0206","Plants",900
"NT0207","Plants",1000
"NT0209","Plants",3300
"NT0210","Plants",990
"NT0211","Plants",2100
"NT0212","Plants",1200
"NT0213","Plants",2500
"NT0214","Plants",1250
"NT0215","Plants",1500
"NT0216","Plants",110
"NT0217","Plants",1500
"NT0218","Plants",1100
"NT0219","Plants",900
"NT0220","Plants",200
"NT0221","Plants",1300
"NT0222","Plants",1500
"NT0223","Plants",1400
"NT0224","Plants",1900
"NT0225","Plants",900
"NT0226","Plants",900
"NT0227","Plants",550
"NT0228","Plants",2100
"NT0229","Plants",1100
"NT0230","Plants",4000
"NT0232","Plants",800
"NT0233","Plants",1100
"NT0235","Plants",1150
"NT0301","Plants",750
"NT0302","Plants",1500
"NT0303","Plants",4900
"NT0304","Plants",1500
"NT0305","Plants",2200
"NT0306","Plants",1800
"NT0307","Plants",800
"NT0308","Plants",3100
"NT0309","Plants",4200
"NT0310","Plants",4900
"NT0401","Plants",225
"NT0402","Plants",450
"NT0404","Plants",800
"NT0702","Plants",1500
"NT0703","Plants",1500
"NT0704","Plants",6500
"NT0705","Plants",30
"NT0707","Plants",1200
"NT0708","Plants",1100
"NT0709","Plants",2600
"NT0710","Plants",2500
"NT0801","Plants",700
"NT0802","Plants",700
"NT0803","Plants",1750
"NT0805","Plants",1200
"NT0902","Plants",900
"NT0903","Plants",400
"NT0904","Plants",1362
"NT0905","Plants",1050
"NT0906","Plants",1100
"NT0907","Plants",1700
"NT0908","Plants",1400
"NT0909","Plants",1400
"NT1001","Plants",1100
"NT1002","Plants",1200
"NT1003","Plants",1300
"NT1004","Plants",1500
"NT1005","Plants",700
"NT1006","Plants",2500
"NT1007","Plants",800
"NT1008","Plants",800
"NT1010","Plants",200
"NT1201","Plants",2600
"NT1301","Plants",1400
"NT1303","Plants",800
"NT1304","Plants",1500
"NT1305","Plants",320
"NT1306","Plants",900
"NT1307","Plants",541
"NT1308","Plants",900
"NT1309","Plants",1700
"NT1312","Plants",1400
"NT1313","Plants",1200
"NT1314","Plants",550
"NT1315","Plants",1050
"NT1316","Plants",2700
"NT1318","Plants",0
"NT1401","Plants",200
"NT1402","Plants",200
"NT1403","Plants",200
"NT1404","Plants",200
"NT1405","Plants",200
"NT1406","Plants",200
"NT1407","Plants",200
"OC0103","Plants",130
"OC0105","Plants",1450
"OC0106","Plants",935
"OC0108","Plants",318
"OC0109","Plants",500
"OC0110","Plants",175
"OC0112","Plants",775
"OC0114","Plants",480
"OC0115","Plants",140
"OC0117","Plants",50
"OC0201","Plants",500
"OC0202","Plants",659
"OC0203","Plants",400
"OC0701","Plants",124
"OC0702","Plants",384
"PA0101","Plants",3500
"PA0102","Plants",6000
"PA0401","Plants",2500
"PA0402","Plants",1900
"PA0403","Plants",510
"PA0404","Plants",3500
"PA0405","Plants",1700
"PA0406","Plants",2000
"PA0407","Plants",2000
"PA0408","Plants",5000
"PA0409","Plants",1600
"PA0410","Plants",2000
"PA0411","Plants",3100
"PA0412","Plants",2300
"PA0413","Plants",2000
"PA0414","Plants",2500
"PA0415","Plants",3000
"PA0416","Plants",2600
"PA0417","Plants",4500
"PA0418","Plants",3700
"PA0419","Plants",1900
"PA0420","Plants",2800
"PA0421","Plants",1300
"PA0422","Plants",3200
"PA0423","Plants",1200
"PA0424","Plants",2800
"PA0425","Plants",760
"PA0426","Plants",2200
"PA0427","Plants",1700
"PA0428","Plants",2500
"PA0429","Plants",600
"PA0430","Plants",1800
"PA0431","Plants",2700
"PA0432","Plants",1200
"PA0433","Plants",3300
"PA0434","Plants",3400
"PA0435","Plants",3000
"PA0436","Plants",1800
"PA0437","Plants",3000
"PA0438","Plants",1000
"PA0439","Plants",2300
"PA0440","Plants",3000
"PA0441","Plants",2700
"PA0442","Plants",600
"PA0443","Plants",1800
"PA0444","Plants",1200
"PA0445","Plants",2900
"PA0446","Plants",1800
"PA0501","Plants",5000
"PA0502","Plants",2000
"PA0503","Plants",500
"PA0504","Plants",2700
"PA0505","Plants",800
"PA0506","Plants",1300
"PA0507","Plants",700
"PA0508","Plants",700
"PA0509","Plants",3000
"PA0510","Plants",1400
"PA0511","Plants",1300
"PA0512","Plants",1200
"PA0513","Plants",2300
"PA0514","Plants",2500
"PA0515","Plants",2200
"PA0516","Plants",3500
"PA0517","Plants",1500
"PA0518","Plants",5000
"PA0519","Plants",1200
"PA0520","Plants",600
"PA0521","Plants",1500
"PA0601","Plants",1400
"PA0602","Plants",377
"PA0603","Plants",700
"PA0604","Plants",500
"PA0605","Plants",800
"PA0606","Plants",1100
"PA0607","Plants",600
"PA0608","Plants",1400
"PA0609","Plants",1000
"PA0610","Plants",1600
"PA0611","Plants",900
"PA0801","Plants",2100
"PA0802","Plants",1200
"PA0803","Plants",1000
"PA0804","Plants",1200
"PA0805","Plants",2500
"PA0806","Plants",1500
"PA0807","Plants",327
"PA0808","Plants",3500
"PA0809","Plants",1200
"PA0810","Plants",1800
"PA0811","Plants",1000
"PA0812","Plants",1400
"PA0813","Plants",1200
"PA0814","Plants",2800
"PA0815","Plants",700
"PA0816","Plants",1000
"PA0817","Plants",1300
"PA0818","Plants",1700
"PA0901","Plants",900
"PA0902","Plants",300
"PA0903","Plants",600
"PA0904","Plants",800
"PA0905","Plants",100
"PA0906","Plants",400
"PA0907","Plants",1000
"PA0908","Plants",300
"PA1001","Plants",1800
"PA1002","Plants",1000
"PA1003","Plants",1500
"PA1004","Plants",1200
"PA1005","Plants",800
"PA1006","Plants",1500
"PA1007","Plants",500
"PA1008","Plants",1800
"PA1009","Plants",1500
"PA1010","Plants",1000
"PA1011","Plants",800
"PA1012","Plants",1500
"PA1013","Plants",1100
"PA1014","Plants",900
"PA1015","Plants",900
"PA1016","Plants",1000
"PA1017","Plants",2500
"PA1018","Plants",800
"PA1019","Plants",3000
"PA1020","Plants",1400
"PA1021","Plants",1500
"PA1022","Plants",1000
"PA1101","Plants",200
"PA1102","Plants",950
"PA1103","Plants",450
"PA1104","Plants",950
"PA1105","Plants",300
"PA1106","Plants",500
"PA1107","Plants",550
"PA1108","Plants",550
"PA1109","Plants",120
"PA1110","Plants",1000
"PA1111","Plants",650
"PA1112","Plants",500
"PA1113","Plants",387
"PA1114","Plants",450
"PA1201","Plants",2500
"PA1202","Plants",2400
"PA1203","Plants",1130
"PA1204","Plants",1800
"PA1205","Plants",1600
"PA1206","Plants",1500
"PA1207","Plants",3200
"PA1208","Plants",3200
"PA1209","Plants",2500
"PA1210","Plants",2800
"PA1211","Plants",3300
"PA1212","Plants",1600
"PA1213","Plants",1200
"PA1214","Plants",1500
"PA1215","Plants",2800
"PA1216","Plants",1400
"PA1217","Plants",4000
"PA1218","Plants",2100
"PA1219","Plants",400
"PA1220","Plants",4000
"PA1221","Plants",2600
"PA1222","Plants",3300
"PA1301","Plants",600
"PA1302","Plants",700
"PA1303","Plants",900
"PA1304","Plants",300
"PA1305","Plants",1500
"PA1306","Plants",1100
"PA1307","Plants",2000
"PA1308","Plants",700
"PA1309","Plants",1700
"PA1310","Plants",800
"PA1311","Plants",900
"PA1312","Plants",900
"PA1313","Plants",1300
"PA1314","Plants",400
"PA1315","Plants",400
"PA1316","Plants",600
"PA1317","Plants",1200
"PA1318","Plants",800
"PA1319","Plants",700
"PA1320","Plants",1100
"PA1321","Plants",1150
"PA1322","Plants",1300
"PA1323","Plants",350
"PA1324","Plants",250
"PA1325","Plants",900
"PA1326","Plants",700
"PA1327","Plants",500
"PA1328","Plants",900
"PA1329","Plants",500
"PA1330","Plants",400
"PA1331","Plants",580
"PA1332","Plants",550
"PA1333","Plants",350
